DATES,Ryr
10/07/2008, 13.10 
11/07/2008, 13.10 
14/07/2008, 13.10 
15/07/2008, 13.09 
16/07/2008, 12.98 
17/07/2008, 12.93 
18/07/2008, 12.92 
21/07/2008, 12.88 
22/07/2008, 12.88 
23/07/2008, 13.07 
24/07/2008, 13.00 
25/07/2008, 12.89 
28/07/2008, 12.88 
29/07/2008, 12.85 
30/07/2008, 12.68 
31/07/2008, 12.56 
01/08/2008, 12.57 
04/08/2008, 12.20 
05/08/2008, 12.15 
06/08/2008, 12.19 
08/08/2008, 12.19 
11/08/2008, 12.18 
12/08/2008, 12.17 
13/08/2008, 11.95 
14/08/2008, 11.96 
15/08/2008, 11.80 
19/08/2008, 11.81 
20/08/2008, 11.85 
21/08/2008, 11.79 
22/08/2008, 11.79 
25/08/2008, 11.73 
26/08/2008, 11.67 
27/08/2008, 11.64 
28/08/2008, 11.37 
29/08/2008, 11.38 
01/09/2008, 11.30 
02/09/2008, 11.37 
03/09/2008, 11.37 
04/09/2008, 11.49 
05/09/2008, 11.37 
08/09/2008, 11.58 
09/09/2008, 11.37 
10/09/2008, 11.56 
11/09/2008, 11.69 
12/09/2008, 11.57 
15/09/2008, 11.64 
16/09/2008, 11.94 
17/09/2008, 12.21 
18/09/2008, 12.43 
19/09/2008, 12.14 
22/09/2008, 12.30 
23/09/2008, 12.19 
24/09/2008, 12.21 
25/09/2008, 12.03 
26/09/2008, 11.99 
29/09/2008, 12.11 
30/09/2008, 12.06 
01/10/2008, 12.03 
02/10/2008, 11.85 
03/10/2008, 11.73 
06/10/2008, 12.14 
07/10/2008, 12.15 
08/10/2008, 12.41 
09/10/2008, 12.51 
10/10/2008, 12.72 
13/10/2008, 12.96 
14/10/2008, 12.80 
15/10/2008, 13.02 
16/10/2008, 13.02 
17/10/2008, 12.92 
20/10/2008, 12.92 
21/10/2008, 12.88 
22/10/2008, 12.84 
23/10/2008, 13.16 
24/10/2008, 12.84 
27/10/2008, 12.86 
28/10/2008, 13.31 
29/10/2008, 12.83 
30/10/2008, 12.84 
31/10/2008, 13.21 
04/11/2008, 12.81 
05/11/2008, 12.76 
06/11/2008, 12.90 
07/11/2008, 12.93 
09/07/2012, 6.99 
10/07/2012, 6.95 
11/07/2012, 6.92 
12/07/2012, 6.89 
13/07/2012, 6.85 
16/07/2012, 6.80 
17/07/2012, 6.85 
18/07/2012, 6.84 
19/07/2012, 6.81 
23/07/2012, 6.80 
24/07/2012, 6.80 
25/07/2012, 6.77 
26/07/2012, 6.73 
27/07/2012, 6.75 
30/07/2012, 6.66 
31/07/2012, 6.63 
01/08/2012, 6.60 
02/08/2012, 6.58 
03/08/2012, 6.57 
06/08/2012, 6.58 
08/08/2012, 6.64 
09/08/2012, 6.66 
10/08/2012, 6.62 
13/08/2012, 6.61 
14/08/2012, 6.60 
15/08/2012, 6.56 
16/08/2012, 6.66 
17/08/2012, 6.54 
21/08/2012, 6.58 
22/08/2012, 6.59 
23/08/2012, 6.63 
24/08/2012, 6.59 
27/08/2012, 6.58 
28/08/2012, 6.57 
29/08/2012, 6.62 
30/08/2012, 6.59 
31/08/2012, 6.58 
03/09/2012, 6.57 
04/09/2012, 6.58 
05/09/2012, 6.60 
06/09/2012, 6.57 
07/09/2012, 6.48 
10/09/2012, 6.47 
11/09/2012, 6.47 
12/09/2012, 6.48 
13/09/2012, 6.49 
14/09/2012, 6.59 
17/09/2012, 6.49 
18/09/2012, 6.48 
19/09/2012, 6.59 
20/09/2012, 6.47 
21/09/2012, 6.40 
22/09/2012, 6.45 
23/09/2012, 6.45 
24/09/2012, 6.40 
25/09/2012, 6.34 
26/09/2012, 6.34 
27/09/2012, 6.25 
28/09/2012, 6.27 
01/10/2012, 6.25 
02/10/2012, 6.20 
03/10/2012, 6.20 
04/10/2012, 6.19 
05/10/2012, 6.09 
08/10/2012, 6.05 
09/10/2012, 6.05 
10/10/2012, 6.07 
11/10/2012, 6.00 
12/10/2012, 5.96 
16/10/2012, 5.99 
17/10/2012, 6.02 
18/10/2012, 6.09 
19/10/2012, 5.97 
22/10/2012, 6.00 
23/10/2012, 6.00 
24/10/2012, 5.99 
25/10/2012, 6.00 
26/10/2012, 5.97 
29/10/2012, 6.00 
30/10/2012, 6.07 
31/10/2012, 6.08 
01/11/2012, 6.28 
02/11/2012, 6.33 
03/11/2012, 6.16 
06/11/2012, 6.22 
07/11/2012, 6.07 
08/11/2012, 6.02 
09/11/2012, 6.06 
13/11/2012, 6.29 
14/11/2012, 6.34 
15/11/2012, 6.11 
16/11/2012, 6.07 
19/11/2012, 6.07 
20/11/2012, 6.06 
21/11/2012, 6.06 
22/11/2012, 6.16 
23/11/2012, 6.01 
26/11/2012, 5.94 
27/11/2012, 5.91 
28/11/2012, 5.92 
29/11/2012, 5.89 
30/11/2012, 5.90 
03/12/2012, 5.85 
04/12/2012, 5.96 
05/12/2012, 5.80 
06/12/2012, 5.69 
07/12/2012, 5.84 
10/12/2012, 5.92 
11/12/2012, 5.85 
12/12/2012, 5.88 
13/12/2012, 5.83 
14/12/2012, 5.79 
17/12/2012, 5.94 
18/12/2012, 5.77 
19/12/2012, 5.87 
20/12/2012, 5.75 
21/12/2012, 5.57 
24/12/2012, 5.82 
26/12/2012, 5.54 
27/12/2012, 5.53 
28/12/2012, 5.46 
02/01/2013, 5.72 
03/01/2013, 5.50 
04/01/2013, 5.52 
08/01/2013, 5.42 
09/01/2013, 5.39 
10/01/2013, 5.32 
11/01/2013, 5.28 
14/01/2013, 5.28 
15/01/2013, 5.29 
16/01/2013, 5.20 
17/01/2013, 5.16 
18/01/2013, 5.14 
21/01/2013, 5.10 
22/01/2013, 5.08 
23/01/2013, 5.05 
24/01/2013, 5.08 
25/01/2013, 5.08 
28/01/2013, 5.11 
29/01/2013, 5.08 
30/01/2013, 5.10 
31/01/2013, 5.17 
01/02/2013, 5.07 
04/02/2013, 5.07 
05/02/2013, 5.07 
06/02/2013, 5.01 
07/02/2013, 4.97 
08/02/2013, 4.99 
11/02/2013, 5.00 
12/02/2013, 4.98 
13/02/2013, 4.95 
14/02/2013, 4.95 
15/02/2013, 4.92 
18/02/2013, 4.93 
19/02/2013, 4.93 
20/02/2013, 4.92 
21/02/2013, 4.87 
22/02/2013, 4.83 
25/02/2013, 4.87 
26/02/2013, 4.87 
27/02/2013, 4.88 
28/02/2013, 4.84 
01/03/2013, 4.82 
04/03/2013, 4.82 
05/03/2013, 4.79 
06/03/2013, 4.74 
07/03/2013, 4.70 
08/03/2013, 4.75 
11/03/2013, 4.80 
12/03/2013, 4.80 
13/03/2013, 4.80 
14/03/2013, 4.81 
15/03/2013, 4.83 
18/03/2013, 4.83 
19/03/2013, 4.92 
20/03/2013, 5.01 
21/03/2013, 5.09 
22/03/2013, 4.99 
26/03/2013, 4.81 
27/03/2013, 4.80 
01/04/2013, 4.93 
02/04/2013, 4.94 
03/04/2013, 5.08 
04/04/2013, 5.06 
05/04/2013, 4.93 
08/04/2013, 4.89 
09/04/2013, 4.98 
10/04/2013, 4.94 
11/04/2013, 4.93 
12/04/2013, 4.93 
15/04/2013, 4.94 
16/04/2013, 4.95 
17/04/2013, 4.92 
18/04/2013, 4.88 
19/04/2013, 4.87 
22/04/2013, 4.85 
23/04/2013, 4.85 
24/04/2013, 4.82 
25/04/2013, 4.81 
26/04/2013, 4.82 
29/04/2013, 4.84 
30/04/2013, 4.86 
02/05/2013, 4.86 
03/05/2013, 4.93 
06/05/2013, 5.04 
07/05/2013, 5.05 
08/05/2013, 4.99 
09/05/2013, 4.97 
10/05/2013, 5.01 
14/05/2013, 5.03 
15/05/2013, 5.05 
16/05/2013, 5.05 
17/05/2013, 5.03 
20/05/2013, 5.03 
21/05/2013, 5.06 
22/05/2013, 5.13 
23/05/2013, 5.22 
24/05/2013, 5.24 
27/05/2013, 5.26 
28/05/2013, 5.50 
29/05/2013, 5.75 
30/05/2013, 5.95 
31/05/2013, 6.00 
04/06/2013, 5.99 
05/06/2013, 6.68 
06/06/2013, 6.59 
07/06/2013, 6.41 
08/06/2013, 6.55 
11/06/2013, 6.70 
12/06/2013, 6.79 
13/06/2013, 6.53 
14/06/2013, 6.67 
15/06/2013, 6.70 
16/06/2013, 6.70 
17/06/2013, 6.63 
18/06/2013, 6.68 
19/06/2013, 6.69 
20/06/2013, 7.11 
21/06/2013, 7.50 
22/06/2013, 7.37 
23/06/2013, 7.37 
24/06/2013, 7.52 
25/06/2013, 7.25 
26/06/2013, 7.06 
27/06/2013, 6.82 
28/06/2013, 6.89 
29/06/2013, 6.93 
02/07/2013, 6.80 
03/07/2013, 6.89 
04/07/2013, 6.80 
05/07/2013, 6.97 
06/07/2013, 6.97 
08/07/2013, 6.99 
09/07/2013, 6.91 
10/07/2013, 6.81 
11/07/2013, 6.59 
12/07/2013, 6.68 
13/07/2013, 6.59 
15/07/2013, 6.72 
16/07/2013, 6.58 
17/07/2013, 6.63 
18/07/2013, 6.61 
19/07/2013, 6.57 
20/07/2013, 6.64 
22/07/2013, 6.51 
23/07/2013, 6.63 
24/07/2013, 6.78 
25/07/2013, 6.85 
26/07/2013, 6.85 
27/07/2013, 6.93 
29/07/2013, 6.90 
30/07/2013, 6.94 
31/07/2013, 7.01 
01/08/2013, 6.93 
02/08/2013, 6.85 
03/08/2013, 6.87 
05/08/2013, 6.78 
06/08/2013, 6.78 
08/08/2013, 6.75 
09/08/2013, 6.82 
10/08/2013, 6.84 
11/08/2013, 6.84 
12/08/2013, 6.91 
13/08/2013, 6.94 
14/08/2013, 7.01 
15/08/2013, 7.15 
16/08/2013, 7.22 
17/08/2013, 7.23 
20/08/2013, 7.23 
21/08/2013, 7.17 
22/08/2013, 7.16 
23/08/2013, 7.11 
24/08/2013, 7.14 
26/08/2013, 7.16 
27/08/2013, 7.21 
28/08/2013, 7.29 
29/08/2013, 7.33 
30/08/2013, 7.35 
31/08/2013, 7.37 
01/09/2013, 7.37 
02/09/2013, 7.36 
03/09/2013, 7.38 
04/09/2013, 7.45 
05/09/2013, 7.34 
06/09/2013, 7.34 
07/09/2013, 7.37 
08/09/2013, 7.37 
09/09/2013, 7.30 
10/09/2013, 7.21 
11/09/2013, 6.99 
12/09/2013, 6.87 
13/09/2013, 6.95 
14/09/2013, 6.97 
15/09/2013, 6.97 
16/09/2013, 7.01 
17/09/2013, 7.04 
18/09/2013, 7.01 
19/09/2013, 6.79 
20/09/2013, 6.77 
21/09/2013, 6.80 
22/09/2013, 6.80 
23/09/2013, 6.88 
24/09/2013, 6.74 
25/09/2013, 6.75 
26/09/2013, 6.75 
27/09/2013, 6.82 
28/09/2013, 6.83 
29/09/2013, 6.94 
30/09/2013, 6.89 
01/10/2013, 6.92 
02/10/2013, 6.93 
03/10/2013, 6.91 
04/10/2013, 6.84 
05/10/2013, 6.85 
07/10/2013, 6.86 
08/10/2013, 6.80 
09/10/2013, 6.86 
10/10/2013, 6.83 
11/10/2013, 6.80 
12/10/2013, 6.77 
15/10/2013, 6.80 
16/10/2013, 6.74 
17/10/2013, 6.63 
18/10/2013, 6.62 
19/10/2013, 6.66 
21/10/2013, 6.65 
22/10/2013, 6.53 
23/10/2013, 6.46 
24/10/2013, 6.51 
25/10/2013, 6.50 
26/10/2013, 6.54 
27/10/2013, 6.54 
28/10/2013, 6.54 
29/10/2013, 6.52 
30/10/2013, 6.55 
31/10/2013, 6.73 
01/11/2013, 6.89 
02/11/2013, 6.89 
03/11/2013, 6.89 
05/11/2013, 7.00 
06/11/2013, 7.01 
07/11/2013, 6.82 
08/11/2013, 7.00 
09/11/2013, 7.00 
12/11/2013, 7.02 
13/11/2013, 6.96 
14/11/2013, 6.91 
15/11/2013, 6.85 
16/11/2013, 6.85 
17/11/2013, 6.85 
18/11/2013, 6.74 
19/11/2013, 6.79 
20/11/2013, 6.80 
21/11/2013, 6.89 
22/11/2013, 6.76 
23/11/2013, 6.76 
25/11/2013, 6.73 
26/11/2013, 6.73 
27/11/2013, 6.72 
28/11/2013, 6.73 
29/11/2013, 6.76 
30/11/2013, 6.76 
02/12/2013, 6.86 
03/12/2013, 6.84 
05/12/2013, 6.88 
06/12/2013, 6.76 
07/12/2013, 6.76 
09/12/2013, 6.68 
10/12/2013, 6.68 
11/12/2013, 6.73 
12/12/2013, 6.77 
13/12/2013, 6.79 
14/12/2013, 6.79 
16/12/2013, 6.76 
17/12/2013, 6.74 
18/12/2013, 6.78 
19/12/2013, 6.78 
20/12/2013, 6.68 
21/12/2013, 6.68 
23/12/2013, 6.65 
24/12/2013, 6.67 
26/12/2013, 6.78 
27/12/2013, 6.82 
28/12/2013, 6.82 
30/12/2013, 6.83 
02/01/2014, 6.82 
03/01/2014, 6.84 
04/01/2014, 6.84 
07/01/2014, 6.81 
08/01/2014, 6.82 
09/01/2014, 6.79 
10/01/2014, 6.74 
11/01/2014, 6.74 
13/01/2014, 6.67 
14/01/2014, 6.76 
15/01/2014, 6.74 
16/01/2014, 6.82 
20/01/2014, 6.88 
21/01/2014, 6.86 
22/01/2014, 6.89 
23/01/2014, 6.92 
24/01/2014, 7.01 
25/01/2014, 7.01 
27/01/2014, 6.98 
28/01/2014, 6.98 
29/01/2014, 7.07 
30/01/2014, 7.08 
31/01/2014, 7.19 
01/02/2014, 7.19 
03/02/2014, 7.23 
04/02/2014, 7.18 
05/02/2014, 7.21 
06/02/2014, 7.17 
07/02/2014, 7.15 
08/02/2014, 7.15 
10/02/2014, 7.14 
11/02/2014, 7.11 
12/02/2014, 7.10 
13/02/2014, 7.14 
14/02/2014, 7.12 
15/02/2014, 7.12 
17/02/2014, 7.10 
18/02/2014, 7.13 
19/02/2014, 7.18 
20/02/2014, 7.31 
21/02/2014, 7.26 
22/02/2014, 7.26 
24/02/2014, 7.26 
25/02/2014, 7.25 
26/02/2014, 7.31 
27/02/2014, 7.30 
28/02/2014, 7.27 
01/03/2014, 7.27 
03/03/2014, 7.29 
04/03/2014, 7.27 
05/03/2014, 7.27 
06/03/2014, 7.13 
07/03/2014, 7.18 
08/03/2014, 7.18 
09/03/2014, 7.18 
10/03/2014, 7.23 
11/03/2014, 7.17 
12/03/2014, 7.19 
13/03/2014, 7.18 
14/03/2014, 7.19 
15/03/2014, 7.19 
17/03/2014, 7.16 
18/03/2014, 7.18 
19/03/2014, 6.91 
20/03/2014, 6.75 
21/03/2014, 6.68 
22/03/2014, 6.68 
25/03/2014, 6.67 
26/03/2014, 6.54 
27/03/2014, 6.46 
28/03/2014, 6.48 
29/03/2014, 6.44 
31/03/2014, 6.53 
01/04/2014, 6.49 
02/04/2014, 6.43 
03/04/2014, 6.47 
04/04/2014, 6.41 
05/04/2014, 6.37 
07/04/2014, 6.26 
08/04/2014, 6.25 
09/04/2014, 6.15 
10/04/2014, 6.19 
11/04/2014, 6.27 
12/04/2014, 6.27 
14/04/2014, 6.24 
15/04/2014, 6.29 
16/04/2014, 6.26 
21/04/2014, 6.23 
22/04/2014, 6.27 
23/04/2014, 6.29 
24/04/2014, 6.34 
25/04/2014, 6.28 
26/04/2014, 6.28 
28/04/2014, 6.44 
29/04/2014, 6.41 
30/04/2014, 6.42 
02/05/2014, 6.40 
03/05/2014, 6.40 
05/05/2014, 6.39 
06/05/2014, 6.36 
07/05/2014, 6.32 
08/05/2014, 6.21 
09/05/2014, 6.21 
10/05/2014, 6.18 
12/05/2014, 6.21 
13/05/2014, 6.35 
14/05/2014, 6.40 
15/05/2014, 6.34 
16/05/2014, 6.33 
17/05/2014, 6.33 
19/05/2014, 6.38 
20/05/2014, 6.31 
21/05/2014, 6.29 
22/05/2014, 6.24 
23/05/2014, 6.27 
24/05/2014, 6.27 
25/05/2014, 6.27 
26/05/2014, 6.30 
27/05/2014, 6.32 
28/05/2014, 6.28 
29/05/2014, 6.27 
30/05/2014, 6.31 
31/05/2014, 6.26 
03/06/2014, 6.39 
04/06/2014, 6.45 
05/06/2014, 6.41 
06/06/2014, 6.30 
07/06/2014, 6.28 
09/06/2014, 6.28 
10/06/2014, 6.34 
11/06/2014, 6.35 
12/06/2014, 6.31 
13/06/2014, 6.34 
14/06/2014, 6.34 
16/06/2014, 6.37 
17/06/2014, 6.60 
18/06/2014, 6.61 
19/06/2014, 6.52 
20/06/2014, 6.52 
21/06/2014, 6.47 
25/06/2014, 6.52 
26/06/2014, 6.60 
27/06/2014, 6.59 
01/07/2014, 6.51 
02/07/2014, 6.60 
03/07/2014, 6.56 
04/07/2014, 6.54 
05/07/2014, 6.53 
07/07/2014, 6.46 
08/07/2014, 6.52 
09/07/2014, 6.56 
10/07/2014, 6.54 
11/07/2014, 6.56 
12/07/2014, 6.54 
14/07/2014, 6.54 
15/07/2014, 6.60 
16/07/2014, 6.57 
17/07/2014, 6.59 
18/07/2014, 6.61 
19/07/2014, 6.61 
20/07/2014, 6.61 
21/07/2014, 6.55 
22/07/2014, 6.48 
23/07/2014, 6.55 
24/07/2014, 6.56 
25/07/2014, 6.54 
26/07/2014, 6.45 
27/07/2014, 6.45 
28/07/2014, 6.51 
29/07/2014, 6.54 
30/07/2014, 6.55 
31/07/2014, 6.55 
01/08/2014, 6.55 
02/08/2014, 6.55 
04/08/2014, 6.55 
05/08/2014, 6.72 
06/08/2014, 6.73 
08/08/2014, 6.74 
09/08/2014, 6.74 
10/08/2014, 6.74 
11/08/2014, 6.74 
12/08/2014, 6.55 
13/08/2014, 6.55 
14/08/2014, 6.55 
15/08/2014, 6.55 
16/08/2014, 6.55 
19/08/2014, 6.55 
20/08/2014, 6.55 
21/08/2014, 6.55 
22/08/2014, 6.55 
23/08/2014, 6.55 
25/08/2014, 6.62 
26/08/2014, 6.62 
27/08/2014, 6.57 
28/08/2014, 6.50 
29/08/2014, 6.49 
30/08/2014, 6.46 
31/08/2014, 6.46 
01/09/2014, 6.55 
02/09/2014, 6.55 
03/09/2014, 6.55 
04/09/2014, 6.55 
05/09/2014, 6.49 
06/09/2014, 6.49 
08/09/2014, 6.47 
09/09/2014, 6.59 
10/09/2014, 6.55 
11/09/2014, 6.58 
12/09/2014, 6.55 
13/09/2014, 6.64 
15/09/2014, 6.55 
16/09/2014, 6.55 
17/09/2014, 6.60 
18/09/2014, 6.61 
19/09/2014, 6.60 
20/09/2014, 6.60 
22/09/2014, 6.63 
23/09/2014, 6.55 
24/09/2014, 6.55 
25/09/2014, 6.73 
26/09/2014, 6.55 
27/09/2014, 6.74 
29/09/2014, 6.90 
30/09/2014, 6.87 
01/10/2014, 6.82 
02/10/2014, 6.75 
03/10/2014, 6.76 
04/10/2014, 6.75 
06/10/2014, 6.76 
07/10/2014, 6.74 
08/10/2014, 6.79 
09/10/2014, 6.74 
10/10/2014, 6.78 
11/10/2014, 6.75 
14/10/2014, 6.73 
15/10/2014, 6.72 
16/10/2014, 6.74 
17/10/2014, 6.73 
18/10/2014, 6.73 
20/10/2014, 6.66 
21/10/2014, 6.61 
22/10/2014, 6.65 
23/10/2014, 6.55 
24/10/2014, 6.55 
25/10/2014, 6.55 
27/10/2014, 6.55 
28/10/2014, 6.65 
29/10/2014, 6.55 
30/10/2014, 6.64 
31/10/2014, 6.66 
01/11/2014, 6.66 
04/11/2014, 6.62 
05/11/2014, 6.54 
06/11/2014, 6.55 
07/11/2014, 6.51 
10/11/2014, 6.53 
11/11/2014, 6.55 
12/11/2014, 6.47 
13/11/2014, 6.61 
14/11/2014, 6.55 
15/11/2014, 6.56 
16/11/2014, 6.56 
17/11/2014, 6.59 
18/11/2014, 6.57 
19/11/2014, 6.54 
20/11/2014, 6.52 
21/11/2014, 6.55 
22/11/2014, 6.55 
24/11/2014, 6.55 
25/11/2014, 6.49 
26/11/2014, 6.55 
27/11/2014, 6.55 
28/11/2014, 6.55 
29/11/2014, 6.59 
30/11/2014, 6.59 
01/12/2014, 6.55 
02/12/2014, 6.64 
03/12/2014, 6.55 
04/12/2014, 6.73 
05/12/2014, 6.82 
06/12/2014, 6.82 
09/12/2014, 6.98 
10/12/2014, 7.26 
11/12/2014, 7.13 
12/12/2014, 7.17 
13/12/2014, 7.17 
14/12/2014, 7.17 
15/12/2014, 7.23 
16/12/2014, 7.28 
17/12/2014, 7.17 
18/12/2014, 7.10 
19/12/2014, 7.10 
20/12/2014, 7.07 
22/12/2014, 7.13 
23/12/2014, 7.18 
24/12/2014, 7.20 
25/12/2014, 7.20 
26/12/2014, 7.19 
27/12/2014, 7.19 
28/12/2014, 7.19 
29/12/2014, 7.16 
30/12/2014, 7.18 
31/12/2014, 7.18 
02/01/2015, 7.14 
03/01/2015, 7.14 
05/01/2015, 7.16 
06/01/2015, 7.22 
07/01/2015, 7.04 
08/01/2015, 6.96 
09/01/2015, 6.95 
10/01/2015, 6.94 
13/01/2015, 6.99 
14/01/2015, 6.87 
15/01/2015, 6.80 
16/01/2015, 6.75 
17/01/2015, 6.74 
19/01/2015, 6.70 
20/01/2015, 6.70 
21/01/2015, 6.70 
22/01/2015, 6.70 
23/01/2015, 6.52 
24/01/2015, 6.52 
26/01/2015, 6.70 
27/01/2015, 6.52 
28/01/2015, 6.53 
29/01/2015, 6.54 
30/01/2015, 6.70 
31/01/2015, 6.49 
01/02/2015, 6.49 
02/02/2015, 6.49 
03/02/2015, 6.43 
04/02/2015, 6.53 
05/02/2015, 6.52 
06/02/2015, 6.61 
07/02/2015, 6.55 
09/02/2015, 6.68 
10/02/2015, 6.73 
11/02/2015, 6.76 
12/02/2015, 6.66 
13/02/2015, 6.62 
14/02/2015, 6.60 
16/02/2015, 6.59 
17/02/2015, 6.66 
18/02/2015, 6.68 
19/02/2015, 6.70 
20/02/2015, 6.65 
21/02/2015, 6.65 
23/02/2015, 6.67 
24/02/2015, 6.61 
25/02/2015, 6.50 
26/02/2015, 6.55 
27/02/2015, 6.57 
28/02/2015, 6.53 
02/03/2015, 6.62 
03/03/2015, 6.73 
04/03/2015, 6.70 
05/03/2015, 6.67 
06/03/2015, 6.91 
07/03/2015, 6.91 
09/03/2015, 6.99 
10/03/2015, 7.03 
11/03/2015, 6.92 
12/03/2015, 7.01 
13/03/2015, 7.09 
14/03/2015, 7.09 
16/03/2015, 7.08 
17/03/2015, 7.00 
18/03/2015, 7.01 
19/03/2015, 6.90 
20/03/2015, 6.85 
21/03/2015, 6.79 
24/03/2015, 6.81 
25/03/2015, 6.82 
26/03/2015, 6.94 
27/03/2015, 6.96 
28/03/2015, 7.00 
30/03/2015, 7.06 
31/03/2015, 7.00 
01/04/2015, 6.97 
02/04/2015, 6.94 
06/04/2015, 6.86 
07/04/2015, 6.83 
08/04/2015, 6.79 
09/04/2015, 6.80 
10/04/2015, 6.82 
11/04/2015, 6.82 
13/04/2015, 6.79 
14/04/2015, 6.81 
15/04/2015, 6.73 
16/04/2015, 6.74 
17/04/2015, 6.75 
18/04/2015, 6.73 
20/04/2015, 6.77 
21/04/2015, 6.72 
22/04/2015, 6.79 
23/04/2015, 6.74 
24/04/2015, 6.69 
25/04/2015, 6.69 
27/04/2015, 6.73 
28/04/2015, 6.74 
29/04/2015, 6.71 
30/04/2015, 6.76 
01/05/2015, 6.72 
04/05/2015, 6.84 
05/05/2015, 6.88 
06/05/2015, 6.92 
07/05/2015, 6.89 
08/05/2015, 6.81 
09/05/2015, 6.81 
11/05/2015, 6.91 
12/05/2015, 6.96 
13/05/2015, 6.92 
14/05/2015, 6.93 
15/05/2015, 6.89 
16/05/2015, 6.89 
19/05/2015, 6.94 
20/05/2015, 6.93 
21/05/2015, 6.90 
22/05/2015, 6.91 
23/05/2015, 6.85 
25/05/2015, 6.92 
26/05/2015, 6.97 
27/05/2015, 6.95 
28/05/2015, 6.91 
29/05/2015, 6.88 
30/05/2015, 6.89 
01/06/2015, 6.96 
02/06/2015, 6.93 
03/06/2015, 7.05 
04/06/2015, 7.07 
05/06/2015, 7.08 
06/06/2015, 7.08 
07/06/2015, 7.08 
09/06/2015, 7.11 
10/06/2015, 7.10 
11/06/2015, 7.12 
12/06/2015, 7.09 
13/06/2015, 7.09 
15/06/2015, 7.09 
16/06/2015, 7.20 
17/06/2015, 7.19 
18/06/2015, 7.17 
19/06/2015, 7.13 
20/06/2015, 7.13 
22/06/2015, 7.16 
23/06/2015, 7.15 
24/06/2015, 7.21 
25/06/2015, 7.25 
26/06/2015, 7.23 
27/06/2015, 7.25 
30/06/2015, 7.25 
01/07/2015, 7.32 
02/07/2015, 7.26 
03/07/2015, 7.30 
04/07/2015, 7.26 
06/07/2015, 7.27 
07/07/2015, 7.25 
08/07/2015, 7.26 
09/07/2015, 7.23 
10/07/2015, 7.27 
11/07/2015, 7.27 
13/07/2015, 7.28 
14/07/2015, 7.28 
15/07/2015, 7.25 
16/07/2015, 7.22 
17/07/2015, 7.24 
18/07/2015, 7.23 
21/07/2015, 7.24 
22/07/2015, 7.11 
23/07/2015, 7.13 
24/07/2015, 7.18 
25/07/2015, 7.16 
27/07/2015, 7.16 
28/07/2015, 7.14 
29/07/2015, 7.12 
30/07/2015, 7.13 
31/07/2015, 7.14 
01/08/2015, 7.14 
03/08/2015, 7.22 
04/08/2015, 7.27 
05/08/2015, 7.29 
06/08/2015, 7.38 
07/08/2015, 7.38 
10/08/2015, 7.35 
11/08/2015, 7.34 
12/08/2015, 7.31 
13/08/2015, 7.37 
14/08/2015, 7.34 
15/08/2015, 7.33 
17/08/2015, 7.36 
18/08/2015, 7.32 
19/08/2015, 7.33 
20/08/2015, 7.36 
21/08/2015, 7.50 
22/08/2015, 7.50 
24/08/2015, 7.71 
25/08/2015, 7.68 
26/08/2015, 7.78 
27/08/2015, 7.70 
28/08/2015, 7.65 
29/08/2015, 7.64 
31/08/2015, 7.68 
01/09/2015, 7.75 
02/09/2015, 7.78 
03/09/2015, 7.84 
04/09/2015, 7.90 
05/09/2015, 7.90 
07/09/2015, 8.05 
08/09/2015, 8.09 
09/09/2015, 8.02 
10/09/2015, 7.97 
11/09/2015, 7.94 
12/09/2015, 7.94 
14/09/2015, 8.03 
15/09/2015, 8.07 
16/09/2015, 7.89 
17/09/2015, 7.87 
18/09/2015, 7.62 
19/09/2015, 7.64 
21/09/2015, 7.71 
22/09/2015, 7.90 
23/09/2015, 7.87 
24/09/2015, 7.92 
25/09/2015, 7.91 
26/09/2015, 7.96 
27/09/2015, 7.96 
28/09/2015, 8.12 
29/09/2015, 8.11 
30/09/2015, 8.06 
01/10/2015, 7.99 
02/10/2015, 7.86 
03/10/2015, 7.86 
05/10/2015, 7.75 
06/10/2015, 7.77 
07/10/2015, 7.74 
08/10/2015, 7.64 
09/10/2015, 7.67 
10/10/2015, 7.67 
13/10/2015, 7.78 
14/10/2015, 7.73 
15/10/2015, 7.60 
16/10/2015, 7.69 
17/10/2015, 7.69 
18/10/2015, 7.69 
19/10/2015, 7.79 
20/10/2015, 7.80 
21/10/2015, 7.78 
22/10/2015, 7.70 
23/10/2015, 7.69 
24/10/2015, 7.69 
26/10/2015, 7.74 
27/10/2015, 7.78 
28/10/2015, 7.75 
29/10/2015, 7.81 
30/10/2015, 7.79 
31/10/2015, 7.76 
03/11/2015, 7.77 
04/11/2015, 7.74 
05/11/2015, 7.82 
06/11/2015, 7.86 
07/11/2015, 7.82 
09/11/2015, 7.93 
10/11/2015, 7.98 
11/11/2015, 7.98 
12/11/2015, 8.08 
13/11/2015, 8.03 
14/11/2015, 8.02 
17/11/2015, 8.01 
18/11/2015, 8.07 
19/11/2015, 8.05 
20/11/2015, 8.08 
21/11/2015, 8.08 
22/11/2015, 8.08 
23/11/2015, 8.11 
24/11/2015, 8.08 
25/11/2015, 8.10 
26/11/2015, 8.22 
27/11/2015, 8.16 
28/11/2015, 8.22 
30/11/2015, 8.14 
01/12/2015, 8.09 
02/12/2015, 8.11 
03/12/2015, 8.19 
04/12/2015, 8.24 
05/12/2015, 8.24 
07/12/2015, 8.36 
08/12/2015, 8.33 
09/12/2015, 8.31 
10/12/2015, 8.36 
11/12/2015, 8.47 
12/12/2015, 8.47 
14/12/2015, 8.47 
15/12/2015, 8.45 
16/12/2015, 8.38 
17/12/2015, 8.40 
18/12/2015, 8.39 
19/12/2015, 8.39 
21/12/2015, 8.37 
22/12/2015, 8.34 
23/12/2015, 8.35 
24/12/2015, 8.25 
25/12/2015, 8.25 
28/12/2015, 8.27 
29/12/2015, 8.28 
30/12/2015, 8.27 
31/12/2015, 8.27 
04/01/2016, 8.38 
05/01/2016, 8.43 
06/01/2016, 8.49 
07/01/2016, 8.49 
08/01/2016, 8.50 
09/01/2016, 8.50 
10/01/2016, 8.50 
12/01/2016, 8.56 
13/01/2016, 8.49 
14/01/2016, 8.40 
15/01/2016, 8.43 
16/01/2016, 8.46 
18/01/2016, 8.53 
19/01/2016, 8.61 
20/01/2016, 8.74 
21/01/2016, 8.68 
22/01/2016, 8.62 
23/01/2016, 8.62 
25/01/2016, 8.74 
26/01/2016, 8.70 
27/01/2016, 8.65 
28/01/2016, 8.61 
29/01/2016, 8.62 
30/01/2016, 8.60 
01/02/2016, 8.64 
02/02/2016, 8.62 
03/02/2016, 8.66 
04/02/2016, 8.63 
05/02/2016, 8.61 
06/02/2016, 8.58 
08/02/2016, 8.67 
09/02/2016, 8.71 
10/02/2016, 8.85 
11/02/2016, 9.05 
12/02/2016, 8.91 
13/02/2016, 8.95 
14/02/2016, 8.95 
15/02/2016, 8.93 
16/02/2016, 8.93 
17/02/2016, 8.92 
18/02/2016, 8.87 
19/02/2016, 8.87 
20/02/2016, 8.86 
22/02/2016, 8.74 
23/02/2016, 8.84 
24/02/2016, 8.84 
25/02/2016, 8.81 
26/02/2016, 8.78 
27/02/2016, 8.75 
29/02/2016, 8.70 
01/03/2016, 8.61 
02/03/2016, 8.54 
03/03/2016, 8.60 
04/03/2016, 8.53 
05/03/2016, 8.58 
07/03/2016, 8.41 
08/03/2016, 8.48 
09/03/2016, 8.33 
10/03/2016, 8.28 
11/03/2016, 8.18 
12/03/2016, 8.21 
14/03/2016, 8.31 
15/03/2016, 8.25 
16/03/2016, 8.20 
17/03/2016, 8.01 
18/03/2016, 7.98 
19/03/2016, 7.98 
22/03/2016, 7.99 
23/03/2016, 8.06 
24/03/2016, 8.06 
28/03/2016, 8.02 
29/03/2016, 8.04 
30/03/2016, 8.02 
31/03/2016, 7.93 
01/04/2016, 7.89 
02/04/2016, 7.93 
04/04/2016, 7.85 
05/04/2016, 7.90 
06/04/2016, 7.92 
07/04/2016, 8.08 
08/04/2016, 8.08 
09/04/2016, 8.08 
11/04/2016, 8.07 
12/04/2016, 8.02 
13/04/2016, 7.98 
14/04/2016, 7.96 
15/04/2016, 7.99 
16/04/2016, 7.99 
18/04/2016, 7.86 
19/04/2016, 7.85 
20/04/2016, 7.85 
21/04/2016, 7.94 
22/04/2016, 7.95 
23/04/2016, 7.94 
25/04/2016, 7.98 
26/04/2016, 7.97 
27/04/2016, 8.17 
28/04/2016, 8.12 
29/04/2016, 8.18 
30/04/2016, 8.18 
02/05/2016, 8.17 
03/05/2016, 8.13 
04/05/2016, 8.15 
05/05/2016, 8.15 
06/05/2016, 8.13 
07/05/2016, 8.15 
10/05/2016, 8.14 
11/05/2016, 8.06 
12/05/2016, 8.06 
13/05/2016, 8.03 
14/05/2016, 7.98 
16/05/2016, 8.06 
17/05/2016, 8.04 
18/05/2016, 8.03 
19/05/2016, 8.12 
20/05/2016, 8.09 
21/05/2016, 8.09 
23/05/2016, 8.14 
24/05/2016, 8.12 
25/05/2016, 8.13 
26/05/2016, 8.10 
27/05/2016, 8.17 
28/05/2016, 8.17 
31/05/2016, 8.06 
01/06/2016, 8.00 
02/06/2016, 7.90 
03/06/2016, 7.89 
04/06/2016, 7.92 
07/06/2016, 7.91 
08/06/2016, 7.92 
09/06/2016, 7.88 
10/06/2016, 7.95 
11/06/2016, 7.95 
13/06/2016, 8.00 
14/06/2016, 7.89 
15/06/2016, 7.94 
16/06/2016, 8.00 
17/06/2016, 8.03 
18/06/2016, 8.03 
20/06/2016, 8.01 
21/06/2016, 8.09 
22/06/2016, 8.14 
23/06/2016, 8.12 
24/06/2016, 8.08 
25/06/2016, 8.08 
27/06/2016, 8.02 
28/06/2016, 7.83 
29/06/2016, 7.50 
30/06/2016, 7.62 
01/07/2016, 7.52 
02/07/2016, 7.54 
03/07/2016, 7.52 
05/07/2016, 7.57 
06/07/2016, 7.58 
07/07/2016, 7.65 
08/07/2016, 7.56 
09/07/2016, 7.56 
10/07/2016, 7.53 
11/07/2016, 7.61 
12/07/2016, 7.58 
13/07/2016, 7.59 
14/07/2016, 7.62 
15/07/2016, 7.66 
16/07/2016, 7.66 
18/07/2016, 7.70 
19/07/2016, 7.72 
20/07/2016, 7.72 
21/07/2016, 7.51 
22/07/2016, 7.42 
23/07/2016, 7.45 
25/07/2016, 7.59 
26/07/2016, 7.57 
27/07/2016, 7.60 
28/07/2016, 7.61 
29/07/2016, 7.63 
30/07/2016, 7.63 
01/08/2016, 7.71 
02/08/2016, 7.70 
03/08/2016, 7.69 
04/08/2016, 7.63 
05/08/2016, 7.58 
06/08/2016, 7.58 
08/08/2016, 7.56 
09/08/2016, 7.56 
10/08/2016, 7.54 
11/08/2016, 7.55 
12/08/2016, 7.52 
13/08/2016, 7.52 
14/08/2016, 7.52 
16/08/2016, 7.53 
17/08/2016, 7.48 
18/08/2016, 7.36 
19/08/2016, 7.39 
20/08/2016, 7.39 
22/08/2016, 7.35 
23/08/2016, 7.30 
24/08/2016, 7.32 
25/08/2016, 7.29 
26/08/2016, 7.31 
27/08/2016, 7.31 
29/08/2016, 7.49 
30/08/2016, 7.57 
31/08/2016, 7.50 
01/09/2016, 7.40 
02/09/2016, 7.38 
03/09/2016, 7.38 
05/09/2016, 7.29 
06/09/2016, 7.13 
07/09/2016, 7.01 
08/09/2016, 7.02 
09/09/2016, 7.11 
10/09/2016, 7.13 
12/09/2016, 7.15 
13/09/2016, 7.29 
14/09/2016, 7.22 
15/09/2016, 7.19 
16/09/2016, 7.27 
17/09/2016, 7.27 
19/09/2016, 7.27 
20/09/2016, 7.20 
21/09/2016, 7.18 
22/09/2016, 7.07 
23/09/2016, 7.07 
24/09/2016, 7.07 
25/09/2016, 7.07 
26/09/2016, 7.14 
27/09/2016, 7.01 
28/09/2016, 7.03 
29/09/2016, 7.08 
30/09/2016, 7.03 
01/10/2016, 7.03 
03/10/2016, 7.21 
04/10/2016, 7.28 
05/10/2016, 7.21 
06/10/2016, 7.22 
07/10/2016, 7.24 
08/10/2016, 7.27 
10/10/2016, 7.27 
11/10/2016, 7.06 
12/10/2016, 7.07 
13/10/2016, 7.08 
14/10/2016, 7.06 
15/10/2016, 7.06 
18/10/2016, 7.10 
19/10/2016, 7.19 
20/10/2016, 7.13 
21/10/2016, 7.24 
22/10/2016, 7.22 
24/10/2016, 7.26 
25/10/2016, 7.33 
26/10/2016, 7.27 
27/10/2016, 7.30 
28/10/2016, 7.36 
29/10/2016, 7.36 
31/10/2016, 7.37 
01/11/2016, 7.50 
02/11/2016, 7.41 
03/11/2016, 7.42 
04/11/2016, 7.39 
05/11/2016, 7.39 
08/11/2016, 7.28 
09/11/2016, 7.30 
10/11/2016, 7.55 
11/11/2016, 7.67 
12/11/2016, 7.67 
15/11/2016, 7.52 
16/11/2016, 7.49 
17/11/2016, 7.58 
18/11/2016, 7.80 
19/11/2016, 7.83 
21/11/2016, 7.72 
22/11/2016, 7.55 
23/11/2016, 7.50 
24/11/2016, 99.72 
25/11/2016, 7.39 
26/11/2016, 7.39 
27/11/2016, 7.39 
28/11/2016, 7.33 
29/11/2016, 7.38 
30/11/2016, 7.31 
01/12/2016, 7.44 
02/12/2016, 7.42 
03/12/2016, 7.42 
05/12/2016, 7.29 
06/12/2016, 7.32 
07/12/2016, 7.25 
08/12/2016, 7.26 
09/12/2016, 7.36 
10/12/2016, 7.36 
12/12/2016, 7.29 
13/12/2016, 7.34 
14/12/2016, 7.33 
15/12/2016, 7.36 
16/12/2016, 7.41 
17/12/2016, 7.41 
19/12/2016, 7.24 
20/12/2016, 7.23 
21/12/2016, 7.11 
22/12/2016, 7.16 
23/12/2016, 7.16 
26/12/2016, 7.11 
27/12/2016, 7.10 
28/12/2016, 7.14 
29/12/2016, 7.12 
30/12/2016, 7.12 
02/01/2017, 7.11 
03/01/2017, 7.13 
04/01/2017, 7.05 
05/01/2017, 6.98 
06/01/2017, 6.76 
07/01/2017, 6.76 
10/01/2017, 6.91 
11/01/2017, 6.83 
12/01/2017, 6.82 
13/01/2017, 6.85 
14/01/2017, 6.85 
16/01/2017, 6.89 
17/01/2017, 6.84 
18/01/2017, 6.91 
19/01/2017, 6.96 
20/01/2017, 6.93 
21/01/2017, 6.93 
23/01/2017, 6.91 
24/01/2017, 6.82 
25/01/2017, 6.79 
26/01/2017, 6.82 
27/01/2017, 6.73 
28/01/2017, 6.73 
30/01/2017, 6.81 
31/01/2017, 6.87 
01/02/2017, 6.86 
02/02/2017, 6.82 
03/02/2017, 6.77 
04/02/2017, 6.77 
06/02/2017, 6.77 
07/02/2017, 6.75 
08/02/2017, 6.74 
09/02/2017, 6.73 
10/02/2017, 6.72 
11/02/2017, 6.72 
13/02/2017, 6.76 
14/02/2017, 6.87 
15/02/2017, 6.86 
16/02/2017, 7.01 
17/02/2017, 7.04 
18/02/2017, 7.07 
20/02/2017, 7.08 
21/02/2017, 7.03 
22/02/2017, 7.00 
23/02/2017, 6.93 
24/02/2017, 6.93 
25/02/2017, 6.93 
27/02/2017, 6.95 
28/02/2017, 7.07 
01/03/2017, 7.12 
02/03/2017, 7.14 
03/03/2017, 7.13 
04/03/2017, 7.13 
06/03/2017, 7.18 
07/03/2017, 7.12 
08/03/2017, 7.23 
09/03/2017, 7.13 
10/03/2017, 7.10 
11/03/2017, 7.10 
13/03/2017, 7.05 
14/03/2017, 6.96 
15/03/2017, 6.96 
16/03/2017, 6.84 
17/03/2017, 6.83 
18/03/2017, 6.83 
20/03/2017, 6.86 
21/03/2017, 6.84 
22/03/2017, 6.79 
23/03/2017, 6.70 
24/03/2017, 6.71 
25/03/2017, 6.71 
26/03/2017, 6.71 
27/03/2017, 6.74 
28/03/2017, 6.73 
29/03/2017, 6.70 
30/03/2017, 6.73 
31/03/2017, 6.67 
01/04/2017, 6.67 
03/04/2017, 6.61 
04/04/2017, 6.58 
05/04/2017, 6.56 
06/04/2017, 6.60 
07/04/2017, 6.62 
08/04/2017, 6.62 
10/04/2017, 6.65 
11/04/2017, 6.66 
12/04/2017, 6.65 
13/04/2017, 6.65 
17/04/2017, 6.58 
18/04/2017, 6.43 
19/04/2017, 6.40 
20/04/2017, 6.41 
21/04/2017, 6.36 
22/04/2017, 6.36 
24/04/2017, 6.40 
25/04/2017, 6.33 
26/04/2017, 6.34 
27/04/2017, 6.22 
28/04/2017, 6.26 
29/04/2017, 6.26 
02/05/2017, 6.18 
03/05/2017, 6.21 
04/05/2017, 6.26 
05/05/2017, 6.20 
06/05/2017, 6.20 
07/05/2017, 6.20 
08/05/2017, 6.22 
09/05/2017, 6.28 
10/05/2017, 6.31 
11/05/2017, 6.35 
12/05/2017, 6.33 
13/05/2017, 6.33 
15/05/2017, 6.39 
16/05/2017, 6.36 
17/05/2017, 6.33 
18/05/2017, 6.35 
19/05/2017, 6.34 
20/05/2017, 6.34 
22/05/2017, 6.30 
23/05/2017, 6.32 
24/05/2017, 6.36 
25/05/2017, 6.34 
26/05/2017, 6.31 
27/05/2017, 6.31 
30/05/2017, 6.31 
31/05/2017, 6.22 
01/06/2017, 6.23 
02/06/2017, 6.20 
03/06/2017, 6.20 
05/06/2017, 6.17 
06/06/2017, 6.15 
07/06/2017, 6.17 
08/06/2017, 6.25 
09/06/2017, 6.21 
10/06/2017, 6.21 
12/06/2017, 6.27 
13/06/2017, 6.29 
14/06/2017, 6.31 
15/06/2017, 6.39 
16/06/2017, 6.52 
17/06/2017, 6.52 
20/06/2017, 6.53 
21/06/2017, 6.50 
22/06/2017, 6.47 
23/06/2017, 6.38 
24/06/2017, 6.38 
25/06/2017, 6.38 
27/06/2017, 6.41 
28/06/2017, 6.48 
29/06/2017, 6.47 
30/06/2017, 6.49 
01/07/2017, 6.49 
02/07/2017, 6.49 
03/07/2017, 6.51 
04/07/2017, 6.60 
05/07/2017, 6.75 
06/07/2017, 6.86 
07/07/2017, 6.79 
08/07/2017, 6.79 
10/07/2017, 6.74 
11/07/2017, 6.85 
12/07/2017, 6.81 
13/07/2017, 6.70 
14/07/2017, 6.64 
15/07/2017, 6.64 
16/07/2017, 6.64 
17/07/2017, 6.67 
18/07/2017, 6.77 
19/07/2017, 6.70 
20/07/2017, 6.70 
21/07/2017, 6.74 
22/07/2017, 6.74 
24/07/2017, 6.79 
25/07/2017, 6.92 
26/07/2017, 7.01 
27/07/2017, 6.85 
28/07/2017, 6.82 
29/07/2017, 6.82 
31/07/2017, 6.81 
01/08/2017, 6.82 
02/08/2017, 6.90 
03/08/2017, 6.93 
04/08/2017, 6.96 
05/08/2017, 6.96 
06/08/2017, 6.96 
08/08/2017, 6.90 
09/08/2017, 6.83 
10/08/2017, 6.81 
11/08/2017, 6.77 
12/08/2017, 6.77 
14/08/2017, 6.74 
15/08/2017, 6.74 
16/08/2017, 6.73 
17/08/2017, 6.74 
18/08/2017, 6.74 
19/08/2017, 6.74 
22/08/2017, 6.81 
23/08/2017, 6.79 
24/08/2017, 6.75 
25/08/2017, 6.73 
26/08/2017, 6.73 
28/08/2017, 6.78 
29/08/2017, 6.75 
30/08/2017, 6.78 
31/08/2017, 6.73 
01/09/2017, 6.75 
02/09/2017, 6.75 
04/09/2017, 6.77 
05/09/2017, 6.75 
06/09/2017, 6.72 
07/09/2017, 6.66 
08/09/2017, 6.63 
09/09/2017, 6.63 
11/09/2017, 6.62 
12/09/2017, 6.58 
13/09/2017, 6.57 
14/09/2017, 6.46 
15/09/2017, 6.51 
16/09/2017, 6.51 
18/09/2017, 6.50 
19/09/2017, 6.50 
20/09/2017, 6.52 
21/09/2017, 6.55 
22/09/2017, 6.49 
23/09/2017, 6.49 
25/09/2017, 6.54 
26/09/2017, 6.53 
27/09/2017, 6.62 
28/09/2017, 6.63 
29/09/2017, 6.52 
30/09/2017, 6.52 
02/10/2017, 6.56 
03/10/2017, 6.53 
04/10/2017, 6.49 
05/10/2017, 6.49 
06/10/2017, 6.50 
07/10/2017, 6.50 
09/10/2017, 6.49 
10/10/2017, 6.45 
11/10/2017, 6.46 
12/10/2017, 6.42 
13/10/2017, 6.38 
14/10/2017, 6.38 
17/10/2017, 6.44 
18/10/2017, 6.46 
19/10/2017, 6.46 
20/10/2017, 6.49 
21/10/2017, 6.49 
22/10/2017, 6.49 
23/10/2017, 6.53 
24/10/2017, 6.61 
25/10/2017, 6.59 
26/10/2017, 6.66 
27/10/2017, 6.65 
28/10/2017, 6.65 
29/10/2017, 6.65 
30/10/2017, 6.58 
31/10/2017, 6.65 
01/11/2017, 6.77 
02/11/2017, 6.74 
03/11/2017, 6.77 
04/11/2017, 6.77 
07/11/2017, 6.72 
08/11/2017, 6.73 
09/11/2017, 6.70 
10/11/2017, 6.78 
11/11/2017, 6.78 
14/11/2017, 6.79 
15/11/2017, 6.79 
16/11/2017, 6.69 
17/11/2017, 6.67 
18/11/2017, 6.67 
20/11/2017, 6.66 
21/11/2017, 6.64 
22/11/2017, 6.59 
23/11/2017, 6.59 
24/11/2017, 6.58 
25/11/2017, 6.58 
26/11/2017, 6.61 
27/11/2017, 6.55 
28/11/2017, 6.48 
29/11/2017, 6.45 
30/11/2017, 6.46 
01/12/2017, 6.51 
02/12/2017, 6.51 
04/12/2017, 6.49 
05/12/2017, 6.48 
06/12/2017, 6.46 
07/12/2017, 6.55 
08/12/2017, 6.55 
09/12/2017, 6.55 
11/12/2017, 6.60 
12/12/2017, 6.64 
13/12/2017, 6.53 
14/12/2017, 6.52 
15/12/2017, 6.43 
16/12/2017, 6.43 
18/12/2017, 6.31 
19/12/2017, 6.42 
20/12/2017, 6.40 
21/12/2017, 6.49 
22/12/2017, 6.54 
23/12/2017, 6.54 
26/12/2017, 6.49 
27/12/2017, 6.49 
28/12/2017, 6.46 
29/12/2017, 6.46 
02/01/2018, 6.45 
03/01/2018, 6.35 
04/01/2018, 6.39 
05/01/2018, 6.37 
06/01/2018, 6.37 
08/01/2018, 6.37 
09/01/2018, 6.36 
10/01/2018, 6.38 
11/01/2018, 6.35 
12/01/2018, 6.41 
13/01/2018, 6.41 
15/01/2018, 6.41 
16/01/2018, 6.49 
17/01/2018, 6.43 
18/01/2018, 6.50 
19/01/2018, 6.47 
20/01/2018, 6.47 
22/01/2018, 6.48 
23/01/2018, 6.43 
24/01/2018, 6.37 
25/01/2018, 6.41 
26/01/2018, 6.39 
27/01/2018, 6.39 
29/01/2018, 6.39 
30/01/2018, 6.44 
31/01/2018, 6.33 
01/02/2018, 6.38 
02/02/2018, 6.37 
03/02/2018, 6.37 
05/02/2018, 6.48 
06/02/2018, 6.48 
07/02/2018, 6.54 
08/02/2018, 6.58 
09/02/2018, 6.56 
10/02/2018, 6.56 
12/02/2018, 6.54 
13/02/2018, 6.52 
14/02/2018, 6.62 
15/02/2018, 6.59 
16/02/2018, 6.57 
17/02/2018, 6.59 
18/02/2018, 6.59 
19/02/2018, 6.55 
20/02/2018, 6.59 
21/02/2018, 6.56 
22/02/2018, 6.55 
23/02/2018, 6.50 
24/02/2018, 6.53 
26/02/2018, 6.50 
27/02/2018, 6.58 
28/02/2018, 6.62 
01/03/2018, 6.76 
02/03/2018, 6.81 
03/03/2018, 6.81 
05/03/2018, 6.67 
06/03/2018, 6.73 
07/03/2018, 6.75 
08/03/2018, 6.73 
09/03/2018, 6.71 
10/03/2018, 6.71 
12/03/2018, 6.59 
13/03/2018, 6.59 
14/03/2018, 6.51 
15/03/2018, 6.53 
16/03/2018, 6.51 
17/03/2018, 6.51 
20/03/2018, 6.52 
21/03/2018, 6.49 
22/03/2018, 6.54 
23/03/2018, 6.55 
24/03/2018, 6.55 
26/03/2018, 6.44 
27/03/2018, 6.36 
28/03/2018, 6.36 
29/03/2018, 6.36 
30/03/2018, 6.49 
02/04/2018, 6.52 
03/04/2018, 6.54 
04/04/2018, 6.52 
05/04/2018, 6.50 
06/04/2018, 6.46 
07/04/2018, 6.46 
09/04/2018, 6.45 
10/04/2018, 6.40 
11/04/2018, 6.42 
12/04/2018, 6.45 
13/04/2018, 6.43 
14/04/2018, 6.45 
16/04/2018, 6.38 
17/04/2018, 6.43 
18/04/2018, 6.42 
19/04/2018, 6.48 
20/04/2018, 6.46 
21/04/2018, 6.46 
23/04/2018, 6.48 
24/04/2018, 6.47 
25/04/2018, 6.47 
26/04/2018, 6.48 
27/04/2018, 6.46 
28/04/2018, 6.46 
30/04/2018, 6.43 
01/05/2018, 6.46 
02/05/2018, 6.47 
03/05/2018, 6.48 
04/05/2018, 6.50 
05/05/2018, 6.50 
07/05/2018, 6.48 
08/05/2018, 6.63 
09/05/2018, 6.61 
10/05/2018, 6.56 
11/05/2018, 6.53 
12/05/2018, 6.56 
15/05/2018, 6.62 
16/05/2018, 6.60 
17/05/2018, 6.64 
18/05/2018, 6.72 
19/05/2018, 6.72 
20/05/2018, 6.72 
21/05/2018, 6.64 
22/05/2018, 6.67 
23/05/2018, 6.64 
24/05/2018, 6.58 
25/05/2018, 6.64 
26/05/2018, 6.64 
28/05/2018, 6.61 
29/05/2018, 6.63 
30/05/2018, 6.63 
31/05/2018, 6.65 
01/06/2018, 6.63 
02/06/2018, 6.60 
05/06/2018, 6.54 
06/06/2018, 6.53 
07/06/2018, 6.59 
08/06/2018, 6.57 
09/06/2018, 6.57 
10/06/2018, 6.57 
12/06/2018, 6.63 
13/06/2018, 6.58 
14/06/2018, 6.62 
15/06/2018, 6.63 
16/06/2018, 6.65 
18/06/2018, 6.64 
19/06/2018, 6.62 
20/06/2018, 6.61 
21/06/2018, 6.63 
22/06/2018, 6.61 
23/06/2018, 6.58 
25/06/2018, 6.59 
26/06/2018, 6.60 
27/06/2018, 6.61 
28/06/2018, 6.62 
29/06/2018, 6.60 
30/06/2018, 6.58 
03/07/2018, 6.55 
04/07/2018, 6.57 
05/07/2018, 6.58 
06/07/2018, 6.59 
07/07/2018, 6.56 
09/07/2018, 6.54 
10/07/2018, 6.58 
11/07/2018, 6.57 
12/07/2018, 6.61 
13/07/2018, 6.65 
14/07/2018, 6.63 
16/07/2018, 6.64 
17/07/2018, 6.73 
18/07/2018, 6.69 
19/07/2018, 6.67 
20/07/2018, 6.70 
21/07/2018, 6.70 
23/07/2018, 6.71 
24/07/2018, 6.75 
25/07/2018, 6.77 
26/07/2018, 6.82 
27/07/2018, 6.82 
28/07/2018, 6.79 
31/07/2018, 6.85 
01/08/2018, 6.94 
02/08/2018, 6.91 
03/08/2018, 6.89 
04/08/2018, 6.87 
06/08/2018, 6.87 
07/08/2018, 6.90 
08/08/2018, 6.83 
09/08/2018, 6.80 
10/08/2018, 6.83 
11/08/2018, 6.80 
13/08/2018, 6.87 
14/08/2018, 6.85 
15/08/2018, 6.86 
16/08/2018, 6.87 
17/08/2018, 6.85 
18/08/2018, 6.85 
21/08/2018, 6.87 
22/08/2018, 6.82 
23/08/2018, 6.79 
24/08/2018, 6.78 
25/08/2018, 6.78 
27/08/2018, 6.78 
28/08/2018, 6.85 
29/08/2018, 6.86 
30/08/2018, 6.85 
31/08/2018, 6.86 
01/09/2018, 6.84 
03/09/2018, 6.83 
04/09/2018, 6.84 
05/09/2018, 6.88 
06/09/2018, 6.96 
07/09/2018, 6.94 
08/09/2018, 6.94 
10/09/2018, 6.99 
11/09/2018, 6.96 
12/09/2018, 6.93 
13/09/2018, 6.92 
14/09/2018, 6.91 
15/09/2018, 6.91 
17/09/2018, 6.89 
18/09/2018, 6.90 
19/09/2018, 6.94 
20/09/2018, 6.92 
21/09/2018, 6.94 
22/09/2018, 6.91 
24/09/2018, 6.91 
25/09/2018, 6.93 
26/09/2018, 6.93 
27/09/2018, 6.94 
28/09/2018, 6.89 
29/09/2018, 6.89 
01/10/2018, 6.91 
02/10/2018, 6.92 
03/10/2018, 6.98 
04/10/2018, 7.00 
05/10/2018, 6.98 
06/10/2018, 6.98 
08/10/2018, 6.95 
09/10/2018, 6.94 
10/10/2018, 7.01 
11/10/2018, 7.07 
12/10/2018, 7.10 
13/10/2018, 7.08 
14/10/2018, 7.10 
15/10/2018, 7.10 
16/10/2018, 7.07 
17/10/2018, 7.07 
18/10/2018, 7.05 
19/10/2018, 7.08 
20/10/2018, 7.05 
21/10/2018, 7.08 
22/10/2018, 7.05 
23/10/2018, 7.10 
24/10/2018, 7.18 
25/10/2018, 7.17 
26/10/2018, 7.20 
27/10/2018, 7.17 
28/10/2018, 7.20 
29/10/2018, 7.21 
30/10/2018, 7.19 
31/10/2018, 7.17 
01/11/2018, 7.15 
02/11/2018, 91.92 
03/11/2018, 7.20 
04/11/2018, 7.20 
05/11/2018, 7.22 
06/11/2018, 7.15 
07/11/2018, 7.05 
08/11/2018, 7.09 
09/11/2018, 7.10 
10/11/2018, 7.07 
11/11/2018, 7.10 
12/11/2018, 7.10 
13/11/2018, 7.11 
14/11/2018, 7.12 
15/11/2018, 7.09 
16/11/2018, 7.05 
17/11/2018, 7.02 
18/11/2018, 7.02 
19/11/2018, 7.05 
20/11/2018, 7.11 
21/11/2018, 7.06 
22/11/2018, 6.99 
23/11/2018, 7.03 
24/11/2018, 7.03 
25/11/2018, 7.06 
26/11/2018, 7.03 
27/11/2018, 7.09 
28/11/2018, 7.09 
29/11/2018, 7.02 
30/11/2018, 6.99 
01/12/2018, 6.99 
02/12/2018, 6.99 
03/12/2018, 6.93 
04/12/2018, 6.93 
05/12/2018, 6.95 
06/12/2018, 6.94 
07/12/2018, 6.86 
08/12/2018, 6.86 
09/12/2018, 7.09 
10/12/2018, 6.87 
11/12/2018, 6.90 
12/12/2018, 6.88 
13/12/2018, 6.84 
14/12/2018, 6.86 
15/12/2018, 7.09 
16/12/2018, 7.09 
17/12/2018, 6.86 
18/12/2018, 6.87 
19/12/2018, 6.79 
20/12/2018, 6.76 
21/12/2018, 6.76 
23/12/2018, 7.09 
24/12/2018, 6.75 
25/12/2018, 7.09 
26/12/2018, 6.76 
27/12/2018, 6.76 
28/12/2018, 6.72 
30/12/2018, 7.09 
31/12/2018, 7.09 
01/01/2019, 7.09 
02/01/2019, 7.09 
03/01/2019, 6.77 
04/01/2019, 6.79 
08/01/2019, 6.68 
09/01/2019, 6.66 
10/01/2019, 6.69 
11/01/2019, 6.67 
14/01/2019, 6.69 
15/01/2019, 6.72 
16/01/2019, 6.74 
18/01/2019, 6.82 
19/01/2019, 7.09 
20/01/2019, 7.09 
21/01/2019, 6.80 
22/01/2019, 6.83 
23/01/2019, 6.83 
24/01/2019, 6.84 
25/01/2019, 6.87 
28/01/2019, 6.83 
29/01/2019, 6.78 
30/01/2019, 6.82 
31/01/2019, 6.62 
01/02/2019, 6.64 
04/02/2019, 6.61 
05/02/2019, 6.63 
06/02/2019, 6.59 
07/02/2019, 6.64 
08/02/2019, 6.63 
11/02/2019, 6.69 
12/02/2019, 6.66 
13/02/2019, 6.68 
14/02/2019, 6.67 
15/02/2019, 6.62 
16/02/2019, 7.05 
17/02/2019, 7.05 
18/02/2019, 6.66 
19/02/2019, 6.63 
20/02/2019, 6.65 
21/02/2019, 6.66 
22/02/2019, 6.63 
23/02/2019, 7.05 
24/02/2019, 7.05 
25/02/2019, 6.61 
26/02/2019, 6.63 
27/02/2019, 6.63 
28/02/2019, 6.68 
01/03/2019, 6.70 
02/03/2019, 7.05 
03/03/2019, 7.05 
04/03/2019, 6.69 
05/03/2019, 6.68 
06/03/2019, 6.67 
07/03/2019, 6.64 
08/03/2019, 7.05 
09/03/2019, 7.05 
10/03/2019, 7.05 
11/03/2019, 6.58 
12/03/2019, 6.56 
13/03/2019, 6.54 
14/03/2019, 6.50 
15/03/2019, 6.48 
18/03/2019, 6.49 
19/03/2019, 6.46 
20/03/2019, 6.43 
21/03/2019, 6.29 
22/03/2019, 6.32 
26/03/2019, 6.37 
27/03/2019, 6.38 
28/03/2019, 6.42 
29/03/2019, 6.43 
01/04/2019, 6.42 
02/04/2019, 6.45 
03/04/2019, 6.47 
04/04/2019, 6.46 
05/04/2019, 6.44 
08/04/2019, 6.36 
09/04/2019, 6.32 
10/04/2019, 6.29 
11/04/2019, 6.35 
12/04/2019, 6.35 
13/04/2019, 6.33 
15/04/2019, 6.34 
16/04/2019, 6.40 
17/04/2019, 6.36 
22/04/2019, 6.39 
23/04/2019, 6.40 
24/04/2019, 6.48 
25/04/2019, 6.54 
26/04/2019, 6.53 
27/04/2019, 6.53 
29/04/2019, 6.59 
30/04/2019, 6.58 
02/05/2019, 6.62 
03/05/2019, 6.55 
04/05/2019, 6.55 
06/05/2019, 6.59 
07/05/2019, 6.58 
08/05/2019, 6.52 
09/05/2019, 6.48 
10/05/2019, 6.48 
11/05/2019, 6.43 
13/05/2019, 6.49 
14/05/2019, 6.53 
15/05/2019, 6.53 
16/05/2019, 6.53 
17/05/2019, 6.53 
18/05/2019, 6.53 
20/05/2019, 6.53 
21/05/2019, 6.53 
22/05/2019, 6.53 
23/05/2019, 6.60 
24/05/2019, 6.53 
27/05/2019, 6.51 
28/05/2019, 6.49 
29/05/2019, 6.44 
30/05/2019, 6.44 
31/05/2019, 6.41 
04/06/2019, 6.33 
05/06/2019, 6.26 
06/06/2019, 6.26 
07/06/2019, 6.23 
10/06/2019, 6.17 
11/06/2019, 6.12 
12/06/2019, 6.12 
13/06/2019, 6.04 
14/06/2019, 6.04 
17/06/2019, 6.17 
18/06/2019, 6.13 
19/06/2019, 6.11 
20/06/2019, 5.96 
21/06/2019, 6.01 
25/06/2019, 5.99 
26/06/2019, 5.99 
27/06/2019, 5.97 
28/06/2019, 5.93 
02/07/2019, 5.81 
03/07/2019, 5.73 
04/07/2019, 5.71 
05/07/2019, 5.82 
08/07/2019, 5.84 
09/07/2019, 5.84 
10/07/2019, 5.82 
11/07/2019, 5.90 
12/07/2019, 5.89 
15/07/2019, 5.84 
16/07/2019, 5.88 
17/07/2019, 5.84 
18/07/2019, 5.87 
19/07/2019, 5.80 
22/07/2019, 5.76 
23/07/2019, 5.78 
24/07/2019, 5.76 
25/07/2019, 5.77 
26/07/2019, 5.75 
29/07/2019, 5.84 
30/07/2019, 5.90 
31/07/2019, 5.82 
01/08/2019, 5.87 
02/08/2019, 5.81 
05/08/2019, 5.91 
06/08/2019, 5.91 
08/08/2019, 5.85 
09/08/2019, 5.86 
12/08/2019, 5.89 
13/08/2019, 5.85 
14/08/2019, 5.79 
15/08/2019, 5.80 
16/08/2019, 5.73 
17/08/2019, 5.73 
20/08/2019, 5.75 
21/08/2019, 5.80 
22/08/2019, 5.83 
23/08/2019, 5.84 
26/08/2019, 5.85 
27/08/2019, 5.89 
28/08/2019, 5.95 
29/08/2019, 5.94 
30/08/2019, 5.89 
02/09/2019, 5.94 
03/09/2019, 5.93 
04/09/2019, 5.86 
05/09/2019, 5.86 
06/09/2019, 5.83 
09/09/2019, 5.86 
10/09/2019, 5.91 
11/09/2019, 5.85 
12/09/2019, 5.85 
13/09/2019, 5.88 
16/09/2019, 5.83 
17/09/2019, 5.85 
18/09/2019, 5.83 
19/09/2019, 5.81 
20/09/2019, 5.80 
23/09/2019, 5.78 
24/09/2019, 5.75 
25/09/2019, 5.77 
26/09/2019, 5.76 
27/09/2019, 5.79 
30/09/2019, 5.81 
01/10/2019, 5.80 
02/10/2019, 5.79 
03/10/2019, 5.76 
04/10/2019, 5.74 
07/10/2019, 5.77 
08/10/2019, 5.74 
09/10/2019, 5.76 
10/10/2019, 5.81 
11/10/2019, 5.83 
15/10/2019, 5.86 
16/10/2019, 5.90 
17/10/2019, 5.86 
18/10/2019, 5.85 
21/10/2019, 5.90 
22/10/2019, 5.93 
23/10/2019, 5.89 
24/10/2019, 5.85 
25/10/2019, 5.85 
28/10/2019, 5.85 
29/10/2019, 5.90 
30/10/2019, 5.90 
31/10/2019, 5.82 
01/11/2019, 5.83 
05/11/2019, 5.88 
06/11/2019, 5.88 
07/11/2019, 5.94 
08/11/2019, 5.98 
12/11/2019, 6.10 
13/11/2019, 6.16 
14/11/2019, 6.07 
15/11/2019, 6.05 
18/11/2019, 6.11 
19/11/2019, 6.11 
20/11/2019, 6.08 
21/11/2019, 6.06 
22/11/2019, 6.14 
25/11/2019, 6.25 
26/11/2019, 6.37 
27/11/2019, 6.27 
28/11/2019, 6.27 
29/11/2019, 6.25 
02/12/2019, 6.24 
03/12/2019, 6.20 
04/12/2019, 6.11 
05/12/2019, 6.05 
06/12/2019, 6.05 
09/12/2019, 6.07 
10/12/2019, 6.07 
11/12/2019, 6.01 
12/12/2019, 6.03 
13/12/2019, 6.07 
14/12/2019, 6.07 
16/12/2019, 6.07 
17/12/2019, 6.04 
18/12/2019, 6.04 
19/12/2019, 6.10 
20/12/2019, 6.05 
21/12/2019, 6.05 
23/12/2019, 6.06 
26/12/2019, 6.09 
27/12/2019, 6.08 
28/12/2019, 6.08 
30/12/2019, 6.08 
02/01/2020, 6.10 
03/01/2020, 6.11 
04/01/2020, 6.11 
07/01/2020, 6.05 
08/01/2020, 5.97 
09/01/2020, 5.90 
10/01/2020, 5.86 
11/01/2020, 5.86 
13/01/2020, 5.92 
14/01/2020, 5.92 
15/01/2020, 5.83 
16/01/2020, 5.83 
17/01/2020, 5.84 
18/01/2020, 5.84 
20/01/2020, 5.88 
21/01/2020, 5.83 
22/01/2020, 5.77 
23/01/2020, 5.76 
24/01/2020, 5.73 
25/01/2020, 5.73 
27/01/2020, 5.80 
28/01/2020, 5.77 
29/01/2020, 5.73 
30/01/2020, 5.76 
31/01/2020, 5.64 
01/02/2020, 5.64 
03/02/2020, 5.70 
04/02/2020, 5.70 
05/02/2020, 5.67 
06/02/2020, 5.64 
07/02/2020, 5.65 
08/02/2020, 5.65 
10/02/2020, 5.61 
11/02/2020, 5.57 
12/02/2020, 5.58 
13/02/2020, 5.60 
14/02/2020, 5.54 
15/02/2020, 5.54 
16/02/2020, 5.54 
17/02/2020, 5.53 
18/02/2020, 5.55 
19/02/2020, 5.60 
20/02/2020, 5.61 
21/02/2020, 5.56 
24/02/2020, 5.53 
25/02/2020, 5.54 
26/02/2020, 5.56 
27/02/2020, 5.70 
28/02/2020, 5.84 
29/02/2020, 5.84 
02/03/2020, 5.77 
03/03/2020, 5.66 
04/03/2020, 5.47 
05/03/2020, 5.57 
06/03/2020, 5.69 
07/03/2020, 5.69 
08/03/2020, 5.69 
09/03/2020, 6.34 
10/03/2020, 6.47 
11/03/2020, 7.06 
12/03/2020, 8.14 
13/03/2020, 8.00 
14/03/2020, 8.00 
16/03/2020, 8.80 
17/03/2020, 8.20 
18/03/2020, 8.80 
19/03/2020, 9.00 
20/03/2020, 8.95 
21/03/2020, 8.95 
24/03/2020, 8.45 
25/03/2020, 7.60 
26/03/2020, 6.80 
27/03/2020, 6.85 
28/03/2020, 6.85 
30/03/2020, 6.96 
31/03/2020, 7.00 
01/04/2020, 7.52 
02/04/2020, 7.40 
03/04/2020, 7.60 
06/04/2020, 7.71 
07/04/2020, 7.20 
08/04/2020, 7.30 
13/04/2020, 7.25 
14/04/2020, 6.92 
15/04/2020, 6.67 
16/04/2020, 6.46 
17/04/2020, 6.55 
20/04/2020, 6.78 
21/04/2020, 6.87 
22/04/2020, 6.88 
23/04/2020, 6.76 
24/04/2020, 6.80 
27/04/2020, 6.84 
29/04/2020, 6.76 
30/04/2020, 6.70 
04/05/2020, 6.52 
05/05/2020, 6.39 
06/05/2020, 6.32 
07/05/2020, 6.18 
08/05/2020, 5.98 
11/05/2020, 6.01 
12/05/2020, 5.94 
13/05/2020, 5.89 
14/05/2020, 5.87 
15/05/2020, 5.81 
18/05/2020, 5.69 
19/05/2020, 5.62 
20/05/2020, 5.45 
21/05/2020, 5.45 
22/05/2020, 5.43 
26/05/2020, 5.28 
27/05/2020, 5.30 
28/05/2020, 5.39 
29/05/2020, 5.50 
01/06/2020, 5.53 
02/06/2020, 5.45 
03/06/2020, 5.49 
04/06/2020, 5.54 
05/06/2020, 5.54 
08/06/2020, 5.50 
09/06/2020, 5.55 
10/06/2020, 5.72 
11/06/2020, 6.06 
12/06/2020, 5.87 
16/06/2020, 5.96 
17/06/2020, 5.87 
18/06/2020, 5.80 
19/06/2020, 5.71 
23/06/2020, 5.74 
24/06/2020, 5.78 
25/06/2020, 5.86 
30/06/2020, 5.75 
01/07/2020, 5.66 
02/07/2020, 5.55 
03/07/2020, 5.50 
04/07/2020, 5.50 
06/07/2020, 5.50 
07/07/2020, 5.51 
08/07/2020, 5.54 
09/07/2020, 5.47 
10/07/2020, 5.43 
11/07/2020, 5.43 
13/07/2020, 5.45 
14/07/2020, 5.46 
15/07/2020, 5.42 
16/07/2020, 5.43 
17/07/2020, 5.44 
18/07/2020, 5.44 
21/07/2020, 5.36 
22/07/2020, 5.38 
23/07/2020, 5.39 
24/07/2020, 5.41 
25/07/2020, 5.41 
27/07/2020, 5.33 
28/07/2020, 5.29 
29/07/2020, 5.29 
30/07/2020, 5.31 
31/07/2020, 5.24 
01/08/2020, 5.24 
03/08/2020, 5.15 
04/08/2020, 5.11 
05/08/2020, 5.01 
06/08/2020, 4.98 
10/08/2020, 4.95 
11/08/2020, 5.10 
12/08/2020, 5.26 
13/08/2020, 5.24 
14/08/2020, 5.24 
15/08/2020, 5.24 
16/08/2020, 5.24 
18/08/2020, 5.18 
19/08/2020, 5.17 
20/08/2020, 5.17 
21/08/2020, 5.19 
23/08/2020, 5.19 
24/08/2020, 5.23 
25/08/2020, 5.22 
26/08/2020, 5.32 
27/08/2020, 5.31 
28/08/2020, 5.34 
29/08/2020, 5.34 
30/08/2020, 5.34 
31/08/2020, 5.20 
01/09/2020, 4.95 
02/09/2020, 4.84 
03/09/2020, 4.92 
04/09/2020, 4.97 
05/09/2020, 4.97 
07/09/2020, 4.92 
08/09/2020, 4.97 
09/09/2020, 4.97 
10/09/2020, 4.95 
11/09/2020, 4.93 
12/09/2020, 4.93 
14/09/2020, 4.86 
15/09/2020, 4.81 
16/09/2020, 4.85 
17/09/2020, 4.87 
18/09/2020, 4.99 
19/09/2020, 4.99 
21/09/2020, 5.11 
22/09/2020, 5.15 
23/09/2020, 5.13 
24/09/2020, 5.09 
25/09/2020, 5.14 
26/09/2020, 5.14 
27/09/2020, 5.14 
28/09/2020, 5.06 
29/09/2020, 5.13 
30/09/2020, 5.08 
01/10/2020, 5.14 
02/10/2020, 5.13 
04/10/2020, 5.13 
05/10/2020, 5.14 
06/10/2020, 5.13 
07/10/2020, 5.14 
08/10/2020, 5.08 
09/10/2020, 5.05 
10/10/2020, 5.05 
11/10/2020, 5.05 
13/10/2020, 5.06 
14/10/2020, 5.05 
15/10/2020, 5.03 
16/10/2020, 5.06 
17/10/2020, 5.06 
19/10/2020, 5.08 
20/10/2020, 5.12 
21/10/2020, 5.15 
22/10/2020, 5.14 
23/10/2020, 5.11 
24/10/2020, 5.11 
25/10/2020, 5.11 
26/10/2020, 5.16 
27/10/2020, 5.20 
28/10/2020, 5.30 
29/10/2020, 5.25 
30/10/2020, 5.26 
31/10/2020, 5.26 
03/11/2020, 5.29 
04/11/2020, 5.20 
05/11/2020, 5.12 
06/11/2020, 5.02 
07/11/2020, 5.02 
10/11/2020, 5.04 
11/11/2020, 5.04 
12/11/2020, 5.02 
13/11/2020, 5.02 
14/11/2020, 5.02 
15/11/2020, 5.02 
17/11/2020, 5.01 
18/11/2020, 4.99 
19/11/2020, 4.95 
20/11/2020, 4.89 
21/11/2020, 4.89 
23/11/2020, 4.88 
24/11/2020, 4.92 
25/11/2020, 4.90 
26/11/2020, 4.94 
27/11/2020, 4.91 
28/11/2020, 4.93 
29/11/2020, 4.93 
30/11/2020, 4.94 
01/12/2020, 4.95 
02/12/2020, 4.97 
03/12/2020, 4.93 
04/12/2020, 4.93 
05/12/2020, 4.93 
07/12/2020, 4.95 
09/12/2020, 4.94 
10/12/2020, 4.98 
11/12/2020, 4.98 
12/12/2020, 4.98 
14/12/2020, 4.98 
15/12/2020, 4.99 
16/12/2020, 5.00 
17/12/2020, 4.99 
18/12/2020, 4.88 
19/12/2020, 4.88 
21/12/2020, 4.86 
22/12/2020, 4.86 
23/12/2020, 4.88 
29/12/2020, 4.86 
30/12/2020, 4.84 
04/01/2021, 4.78 
05/01/2021, 4.78 
06/01/2021, 4.82 
07/01/2021, 4.82 
08/01/2021, 4.83 
09/01/2021, 4.83 
12/01/2021, 4.92 
13/01/2021, 4.87 
14/01/2021, 4.84 
15/01/2021, 4.86 
18/01/2021, 4.87 
19/01/2021, 4.83 
20/01/2021, 4.81 
21/01/2021, 4.81 
22/01/2021, 4.84 
23/01/2021, 4.84 
24/01/2021, 4.84 
25/01/2021, 4.91 
26/01/2021, 4.92 
27/01/2021, 4.94 
28/01/2021, 4.90 
29/01/2021, 4.84 
30/01/2021, 4.84 
01/02/2021, 4.88 
02/02/2021, 4.91 
03/02/2021, 4.82 
04/02/2021, 4.89 
05/02/2021, 4.89 
06/02/2021, 4.90 
08/02/2021, 4.93 
09/02/2021, 4.89 
10/02/2021, 4.89 
11/02/2021, 4.89 
12/02/2021, 4.87 
13/02/2021, 4.87 
14/02/2021, 4.87 
15/02/2021, 4.91 
16/02/2021, 4.97 
17/02/2021, 4.94 
18/02/2021, 4.96 
19/02/2021, 5.01 
20/02/2021, 5.01 
22/02/2021, 5.15 
23/02/2021, 5.16 
24/02/2021, 5.17 
25/02/2021, 5.40 
26/02/2021, 5.37 
27/02/2021, 5.35 
28/02/2021, 5.35 
01/03/2021, 5.34 
02/03/2021, 5.45 
03/03/2021, 5.66 
04/03/2021, 5.63 
05/03/2021, 5.68 
06/03/2021, 5.68 
08/03/2021, 5.84 
09/03/2021, 5.82 
10/03/2021, 5.73 
11/03/2021, 5.68 
12/03/2021, 5.77 
13/03/2021, 5.77 
14/03/2021, 5.77 
15/03/2021, 5.80 
16/03/2021, 5.81 
17/03/2021, 5.97 
18/03/2021, 6.07 
19/03/2021, 6.13 
20/03/2021, 6.13 
21/03/2021, 6.13 
23/03/2021, 6.24 
24/03/2021, 6.32 
25/03/2021, 6.33 
26/03/2021, 6.31 
27/03/2021, 6.31 
29/03/2021, 6.35 
30/03/2021, 6.50 
31/03/2021, 6.37 
05/04/2021, 6.37 
06/04/2021, 6.13 
07/04/2021, 6.09 
08/04/2021, 5.97 
09/04/2021, 6.10 
10/04/2021, 6.10 
11/04/2021, 6.10 
12/04/2021, 6.17 
13/04/2021, 6.15 
14/04/2021, 6.14 
15/04/2021, 6.06 
16/04/2021, 6.05 
17/04/2021, 6.05 
18/04/2021, 6.05 
19/04/2021, 6.04 
20/04/2021, 6.04 
21/04/2021, 6.06 
22/04/2021, 6.08 
23/04/2021, 6.08 
24/04/2021, 6.08 
26/04/2021, 6.26 
27/04/2021, 6.28 
28/04/2021, 6.37 
29/04/2021, 6.37 
30/04/2021, 6.34 
01/05/2021, 6.34 
03/05/2021, 6.68 
04/05/2021, 7.01 
05/05/2021, 6.86 
06/05/2021, 6.58 
07/05/2021, 6.67 
08/05/2021, 6.67 
10/05/2021, 6.83 
11/05/2021, 7.37 
12/05/2021, 7.45 
13/05/2021, 7.23 
14/05/2021, 7.23 
15/05/2021, 7.23 
16/05/2021, 7.23 
17/05/2021, 7.23 
18/05/2021, 7.19 
19/05/2021, 7.20 
20/05/2021, 7.26 
21/05/2021, 7.30 
24/05/2021, 7.36 
25/05/2021, 7.29 
26/05/2021, 7.27 
27/05/2021, 7.24 
28/05/2021, 7.19 
29/05/2021, 7.19 
30/05/2021, 7.19 
31/05/2021, 7.18 
01/06/2021, 7.13 
02/06/2021, 7.05 
03/06/2021, 7.04 
04/06/2021, 6.91 
08/06/2021, 6.82 
09/06/2021, 6.80 
10/06/2021, 6.95 
11/06/2021, 7.02 
15/06/2021, 7.02 
16/06/2021, 6.99 
17/06/2021, 6.92 
18/06/2021, 7.05 
21/06/2021, 7.06 
22/06/2021, 6.95 
23/06/2021, 7.00 
24/06/2021, 7.10 
25/06/2021, 7.14 
28/06/2021, 7.02 
29/06/2021, 6.97 
30/06/2021, 7.12 
01/07/2021, 7.08 
02/07/2021, 7.03 
04/07/2021, 7.03 
06/07/2021, 7.04 
07/07/2021, 7.08 
08/07/2021, 7.00 
09/07/2021, 6.92 
12/07/2021, 6.93 
13/07/2021, 6.98 
14/07/2021, 6.92 
15/07/2021, 6.93 
16/07/2021, 6.92 
19/07/2021, 6.93 
21/07/2021, 6.89 
22/07/2021, 6.86 
23/07/2021, 6.90 
26/07/2021, 6.99 
27/07/2021, 7.02 
28/07/2021, 7.01 
29/07/2021, 6.96 
30/07/2021, 6.91 
02/08/2021, 6.92 
03/08/2021, 6.93 
04/08/2021, 6.93 
05/08/2021, 6.92 
06/08/2021, 7.01 
07/08/2021, 7.01 
09/08/2021, 7.06 
10/08/2021, 7.05 
11/08/2021, 7.07 
12/08/2021, 7.00 
13/08/2021, 6.97 
17/08/2021, 6.97 
18/08/2021, 7.05 
19/08/2021, 7.04 
20/08/2021, 7.04 
23/08/2021, 7.00 
24/08/2021, 6.96 
25/08/2021, 7.01 
26/08/2021, 7.02 
27/08/2021, 6.95 
28/08/2021, 6.95 
29/08/2021, 6.95 
30/08/2021, 6.98 
31/08/2021, 6.91 
01/09/2021, 6.90 
02/09/2021, 6.92 
03/09/2021, 6.94 
05/09/2021, 6.94 
06/09/2021, 6.97 
07/09/2021, 6.98 
08/09/2021, 6.99 
09/09/2021, 7.09 
10/09/2021, 7.03 
13/09/2021, 7.06 
14/09/2021, 7.10 
15/09/2021, 7.08 
16/09/2021, 7.19 
17/09/2021, 7.20 
18/09/2021, 7.20 
19/09/2021, 7.20 
20/09/2021, 7.34 
21/09/2021, 7.34 
22/09/2021, 7.36 
23/09/2021, 7.44 
24/09/2021, 7.49 
27/09/2021, 7.48 
28/09/2021, 7.46 
30/09/2021, 7.42 
01/10/2021, 7.35 
04/10/2021, 7.41 
05/10/2021, 7.46 
06/10/2021, 7.39 
07/10/2021, 7.37 
08/10/2021, 7.41 
10/10/2021, 7.42 
11/10/2021, 7.41 
12/10/2021, 7.42 
13/10/2021, 7.46 
14/10/2021, 7.51 
15/10/2021, 7.54 
16/10/2021, 7.54 
17/10/2021, 7.54 
19/10/2021, 7.55 
20/10/2021, 7.52 
21/10/2021, 7.57 
22/10/2021, 7.73 
25/10/2021, 7.70 
26/10/2021, 7.85 
27/10/2021, 7.78 
28/10/2021, 7.90 
29/10/2021, 7.77 
02/11/2021, 7.69 
03/11/2021, 7.79 
04/11/2021, 7.80 
05/11/2021, 7.83 
08/11/2021, 7.76 
09/11/2021, 7.75 
10/11/2021, 7.73 
11/11/2021, 7.81 
12/11/2021, 7.94 
13/11/2021, 7.94 
14/11/2021, 7.94 
16/11/2021, 8.10 
17/11/2021, 7.94 
18/11/2021, 7.92 
19/11/2021, 7.95 
22/11/2021, 8.07 
23/11/2021, 8.23 
24/11/2021, 8.32 
25/11/2021, 8.32 
26/11/2021, 8.34 
27/11/2021, 8.34 
28/11/2021, 8.34 
29/11/2021, 8.34 
30/11/2021, 8.28 
01/12/2021, 8.16 
02/12/2021, 8.02 
03/12/2021, 8.05 
06/12/2021, 8.06 
07/12/2021, 8.00 
09/12/2021, 7.87 
10/12/2021, 7.85 
11/12/2021, 7.85 
12/12/2021, 7.85 
13/12/2021, 8.05 
14/12/2021, 8.15 
15/12/2021, 8.14 
16/12/2021, 8.03 
17/12/2021, 7.86 
18/12/2021, 7.86 
19/12/2021, 7.86 
20/12/2021, 7.92 
21/12/2021, 8.00 
22/12/2021, 8.07 
23/12/2021, 8.10 
28/12/2021, 8.06 
29/12/2021, 8.14 
03/01/2022, 8.21 
04/01/2022, 8.36 
05/01/2022, 8.45 
06/01/2022, 8.53 
07/01/2022, 8.72 
08/01/2022, 8.72 
09/01/2022, 8.72 
11/01/2022, 8.87 
12/01/2022, 8.80 
13/01/2022, 8.74 
14/01/2022, 8.77 
17/01/2022, 8.89 
18/01/2022, 9.09 
19/01/2022, 9.06 
20/01/2022, 8.95 
21/01/2022, 8.77 
22/01/2022, 8.77 
23/01/2022, 8.77 
24/01/2022, 8.92 
25/01/2022, 8.86 
26/01/2022, 8.83 
27/01/2022, 8.93 
28/01/2022, 8.90 
29/01/2022, 8.90 
30/01/2022, 8.90 
31/01/2022, 9.00 
