DATES,STX
02/01/2006,4802.25
03/01/2006,4807.74
04/01/2006,4889.63
05/01/2006,4911.53
06/01/2006,4820.78
09/01/2006,4781.77
10/01/2006,4761.74
11/01/2006,4651.8
12/01/2006,4676.84
13/01/2006,4653
16/01/2006,4602.95
17/01/2006,4740.42
18/01/2006,4853.38
19/01/2006,4904.42
20/01/2006,4998.83
23/01/2006,4951.74
24/01/2006,5009.36
25/01/2006,5119.63
26/01/2006,5201
27/01/2006,5422.96
30/01/2006,5459.96
31/01/2006,5680.42
01/02/2006,5633.51
02/02/2006,5915.82
03/02/2006,6130.44
06/02/2006,6314.38
07/02/2006,6483.58
08/02/2006,6289.8
09/02/2006,6114.81
10/02/2006,5889.66
13/02/2006,5837.01
14/02/2006,5976.93
15/02/2006,6043.49
16/02/2006,5899.68
17/02/2006,6002.7
20/02/2006,6030.41
21/02/2006,6062.6
22/02/2006,6076.3
23/02/2006,6075.93
24/02/2006,6064.58
27/02/2006,6094.41
28/02/2006,6105.53
01/03/2006,6080.68
02/03/2006,6173.28
03/03/2006,6199.54
06/03/2006,6113.94
07/03/2006,5966.82
08/03/2006,5833.82
09/03/2006,5734.91
10/03/2006,5938.5
13/03/2006,5945.85
14/03/2006,5718.06
15/03/2006,5734.13
16/03/2006,5761.73
17/03/2006,5967.41
20/03/2006,5966.83
21/03/2006,5723.26
22/03/2006,5812.19
23/03/2006,5868.97
24/03/2006,5810.15
27/03/2006,5817.96
28/03/2006,5874.57
29/03/2006,5878.5
30/03/2006,5943.76
31/03/2006,5947.36
03/04/2006,5920.5
04/04/2006,5933.53
05/04/2006,5975.25
06/04/2006,6081.27
07/04/2006,6067.81
10/04/2006,6192.89
11/04/2006,6333.83
12/04/2006,6218.35
13/04/2006,6470.08
14/04/2006,6470.08
17/04/2006,6470.08
18/04/2006,6635.01
19/04/2006,6813.09
20/04/2006,6804.18
21/04/2006,6783.25
24/04/2006,6991.78
25/04/2006,7016.15
26/04/2006,7063.08
27/04/2006,7089.02
28/04/2006,6963.92
01/05/2006,7142.92
02/05/2006,7142.92
03/05/2006,7184.55
04/05/2006,7006.15
05/05/2006,7053.87
08/05/2006,7121.28
09/05/2006,7284.64
10/05/2006,7477.62
11/05/2006,7612.8
12/05/2006,7763.85
15/05/2006,7689.84
16/05/2006,7581.13
17/05/2006,7523.43
18/05/2006,7335.43
19/05/2006,7204.06
22/05/2006,7142.34
23/05/2006,7175.1
24/05/2006,7441.47
25/05/2006,7333.28
26/05/2006,7423.56
29/05/2006,7503.05
30/05/2006,7452.74
31/05/2006,7306.89
01/06/2006,7211.67
02/06/2006,7396.98
05/06/2006,7700.66
06/06/2006,7750.74
07/06/2006,7595.07
08/06/2006,7758.61
09/06/2006,7655.94
12/06/2006,7800.73
13/06/2006,7768.51
14/06/2006,7666.54
15/06/2006,7677.78
16/06/2006,7860.99
19/06/2006,7892.96
20/06/2006,7849.42
21/06/2006,7788.69
22/06/2006,7812.04
23/06/2006,7851.42
26/06/2006,7874.28
27/06/2006,7934.44
28/06/2006,7871.94
29/06/2006,7930.69
30/06/2006,7930.69
03/07/2006,8155.8
04/07/2006,8288.45
05/07/2006,8392.17
06/07/2006,8457.14
07/07/2006,8527.51
10/07/2006,8534.61
11/07/2006,8559.34
12/07/2006,8724.14
13/07/2006,8806.32
14/07/2006,8754.87
17/07/2006,8856.76
18/07/2006,8684.22
19/07/2006,8494.78
20/07/2006,8614.77
21/07/2006,8565.54
24/07/2006,8503.6
25/07/2006,8509.43
26/07/2006,8685.56
27/07/2006,8807.47
28/07/2006,8826.83
31/07/2006,8826.83
01/08/2006,8973.69
02/08/2006,8908.97
03/08/2006,8938.28
04/08/2006,8932.55
07/08/2006,9064.81
08/08/2006,9333.94
09/08/2006,9309.41
10/08/2006,9382.3
11/08/2006,9389.33
14/08/2006,9667.33
15/08/2006,9659.36
16/08/2006,9671.88
17/08/2006,9553.3
18/08/2006,9576.19
21/08/2006,9805.12
22/08/2006,9925.11
23/08/2006,9835.25
24/08/2006,9872.45
25/08/2006,9855.29
28/08/2006,9906.65
29/08/2006,9912.87
30/08/2006,9849.78
31/08/2006,9849.78
01/09/2006,10011.95
04/09/2006,10193.75
05/09/2006,10270.27
06/09/2006,10386.74
07/09/2006,10408.86
08/09/2006,10409.95
11/09/2006,10458.23
12/09/2006,10305.31
13/09/2006,10245.4
14/09/2006,10299.44
15/09/2006,10185.69
18/09/2006,10118.28
19/09/2006,10230.54
20/09/2006,10181.01
21/09/2006,10091.86
22/09/2006,10139.46
25/09/2006,10166.83
26/09/2006,10137.48
27/09/2006,10253.59
28/09/2006,10343.77
29/09/2006,10346.61
02/10/2006,10390.34
03/10/2006,10331.02
04/10/2006,10169.81
05/10/2006,9919.87
06/10/2006,10082.02
09/10/2006,10143.52
10/10/2006,10117.03
11/10/2006,10110.66
12/10/2006,10254.39
13/10/2006,10371.74
16/10/2006,10483.41
17/10/2006,10684.17
18/10/2006,10707.01
19/10/2006,10806.15
20/10/2006,10834.57
23/10/2006,10719.34
24/10/2006,10642.65
25/10/2006,10638.87
26/10/2006,10731.14
27/10/2006,10674.82
30/10/2006,10757.6
31/10/2006,10716.15
01/11/2006,10694.54
02/11/2006,10694.54
03/11/2006,10825.64
06/11/2006,10879.64
07/11/2006,11041.35
08/11/2006,11180.31
09/11/2006,11125.35
10/11/2006,11302.03
13/11/2006,11162.99
14/11/2006,11135.32
15/11/2006,11193.68
16/11/2006,11184.41
17/11/2006,11098.92
20/11/2006,11002.26
21/11/2006,11071.87
22/11/2006,11164.64
23/11/2006,11150.2
24/11/2006,11270.33
27/11/2006,11408.83
28/11/2006,11417.67
29/11/2006,11320.47
30/11/2006,11395.82
01/12/2006,11482.41
04/12/2006,11535.41
05/12/2006,11649.51
06/12/2006,11713.62
07/12/2006,11848.98
08/12/2006,11957.39
11/12/2006,11957.39
12/12/2006,12280.47
13/12/2006,12324.97
14/12/2006,12360.35
15/12/2006,12534.3
18/12/2006,12864.06
19/12/2006,13143.57
20/12/2006,12846.41
21/12/2006,12644.94
22/12/2006,12513.43
25/12/2006,12633.77
26/12/2006,12633.77
27/12/2006,12768.69
28/12/2006,12918.45
29/12/2006,12884.2
01/01/2007,12884.2
02/01/2007,12952.67
03/01/2007,12862.02
04/01/2007,12819
05/01/2007,12644.29
08/01/2007,12438.51
09/01/2007,12360.23
10/01/2007,12720.62
11/01/2007,13057.77
12/01/2007,13025.52
15/01/2007,13130.38
16/01/2007,13208.85
17/01/2007,13135.67
18/01/2007,13091.16
19/01/2007,13276.66
22/01/2007,13427.22
23/01/2007,13579.41
24/01/2007,13629.15
25/01/2007,13737.81
26/01/2007,13707.73
29/01/2007,13639.9
30/01/2007,13563.22
31/01/2007,13633.78
01/02/2007,13674.3
02/02/2007,13563.93
05/02/2007,13623.17
06/02/2007,13733.89
07/02/2007,13860.28
08/02/2007,13965.82
09/02/2007,14200.53
12/02/2007,14218.4
13/02/2007,14437.18
14/02/2007,14549.69
15/02/2007,14586.89
16/02/2007,14560.41
19/02/2007,14645.3
20/02/2007,14694.83
21/02/2007,14935.52
22/02/2007,15261.73
23/02/2007,15513.22
26/02/2007,15605.9
27/02/2007,15280.51
28/02/2007,15150.74
01/03/2007,15266.96
02/03/2007,15238.18
05/03/2007,15020.61
06/03/2007,15260.07
07/03/2007,15529.88
08/03/2007,15760.21
09/03/2007,15685.08
12/03/2007,15868.66
13/03/2007,15837.03
14/03/2007,15706.2
15/03/2007,15920.27
16/03/2007,15911.79
19/03/2007,16141.99
20/03/2007,16204.45
21/03/2007,16183.17
22/03/2007,16265.79
23/03/2007,16338.86
26/03/2007,16470.48
27/03/2007,16572.57
28/03/2007,16762.79
29/03/2007,17019.05
30/03/2007,17152.82
02/04/2007,17520.63
03/04/2007,17911.83
04/04/2007,18141.31
05/04/2007,18141.31
06/04/2007,18141.31
09/04/2007,18441.19
10/04/2007,18946.15
11/04/2007,18848.86
12/04/2007,19041.61
13/04/2007,19412.29
16/04/2007,19924.33
17/04/2007,20467.79
18/04/2007,20661.38
19/04/2007,20454.23
20/04/2007,20656.68
23/04/2007,20729.65
24/04/2007,20752.13
25/04/2007,20703.38
26/04/2007,20692.03
27/04/2007,20781.77
30/04/2007,20674.78
01/05/2007,20674.78
02/05/2007,20699.92
03/05/2007,20945.94
04/05/2007,21476.45
07/05/2007,22166.68
08/05/2007,22493.97
09/05/2007,22995.09
10/05/2007,22969.65
11/05/2007,22964.42
14/05/2007,22303.35
15/05/2007,22171.89
16/05/2007,21556.22
17/05/2007,21473.47
18/05/2007,21971.16
21/05/2007,22076.12
22/05/2007,21559.5
23/05/2007,21757.18
24/05/2007,21328.24
25/05/2007,21248.31
28/05/2007,20741.58
29/05/2007,20066.77
30/05/2007,18543.82
31/05/2007,20129.5
01/06/2007,20732.66
04/06/2007,20913.05
05/06/2007,21340.54
06/06/2007,21058.97
07/06/2007,20880.33
08/06/2007,20789.75
11/06/2007,21061.54
12/06/2007,21054.97
13/06/2007,21493.99
14/06/2007,21926.54
15/06/2007,22160.68
18/06/2007,22192.02
19/06/2007,22190.02
20/06/2007,22153.86
21/06/2007,22096.56
22/06/2007,22140.53
25/06/2007,22268.03
26/06/2007,22213.99
27/06/2007,22191.94
28/06/2007,22365.9
29/06/2007,22365.9
02/07/2007,22608.17
03/07/2007,22591.51
04/07/2007,22754.15
05/07/2007,22857.46
06/07/2007,22936.07
09/07/2007,23073.84
10/07/2007,22845.48
11/07/2007,22927.77
12/07/2007,23211.65
13/07/2007,23535.09
16/07/2007,23726.57
17/07/2007,23695.81
18/07/2007,23578.92
19/07/2007,23624
20/07/2007,23633.15
23/07/2007,23628.24
24/07/2007,23789.75
25/07/2007,23623.87
26/07/2007,23261.16
27/07/2007,23178.21
30/07/2007,23145.93
31/07/2007,23418.17
01/08/2007,23057.97
02/08/2007,23043.56
03/08/2007,22950.22
06/08/2007,22561.91
07/08/2007,22785.72
08/08/2007,23055.91
09/08/2007,22643.92
10/08/2007,22217.08
13/08/2007,22283.74
14/08/2007,21627.25
15/08/2007,20997.85
16/08/2007,19550.35
17/08/2007,20652.97
20/08/2007,20438.69
21/08/2007,20545.27
22/08/2007,21124.14
23/08/2007,20970.59
24/08/2007,21051.48
27/08/2007,20944.57
28/08/2007,20423.76
29/08/2007,20549.55
30/08/2007,20549.55
31/08/2007,20846.26
03/09/2007,20853.82
04/09/2007,20685.49
05/09/2007,20166.28
06/09/2007,20268.06
07/09/2007,19653.57
10/09/2007,18818.48
11/09/2007,19412.41
12/09/2007,19548.81
13/09/2007,19782.2
14/09/2007,19624.61
17/09/2007,19516.92
18/09/2007,20165.86
19/09/2007,20999.8
20/09/2007,20762.8
21/09/2007,21114.45
24/09/2007,21352.51
25/09/2007,21324.54
26/09/2007,21613.15
27/09/2007,21941.54
28/09/2007,21823.44
01/10/2007,21958.31
02/10/2007,21763.77
03/10/2007,21758.24
04/10/2007,21738.13
05/10/2007,21911.93
08/10/2007,21911.93
09/10/2007,22034.66
10/10/2007,22177.13
11/10/2007,22402.72
12/10/2007,22653.83
15/10/2007,22684.39
16/10/2007,22392.39
17/10/2007,22382.74
18/10/2007,22180.17
19/10/2007,21930.55
22/10/2007,21461.7
23/10/2007,21613.57
24/10/2007,21391.05
25/10/2007,21453.18
26/10/2007,21809.99
29/10/2007,22036.66
30/10/2007,21772.46
31/10/2007,21696.27
01/11/2007,21696.27
02/11/2007,21346.74
05/11/2007,20982.28
06/11/2007,20877.43
07/11/2007,20186.01
08/11/2007,19689.96
09/11/2007,19797.8
12/11/2007,19442.17
13/11/2007,19415.46
14/11/2007,19835
15/11/2007,19438.14
16/11/2007,19210.4
19/11/2007,18195.49
20/11/2007,17389.26
21/11/2007,16955.48
22/11/2007,17505.33
23/11/2007,17836.92
26/11/2007,17860.43
27/11/2007,17477.09
28/11/2007,17842.83
29/11/2007,17942.76
30/11/2007,18255.97
03/12/2007,18518.33
04/12/2007,18511.9
05/12/2007,18718.54
06/12/2007,19073.69
07/12/2007,19137.6
10/12/2007,19062.71
11/12/2007,18915.38
12/12/2007,18909.73
13/12/2007,18397.77
14/12/2007,17859.86
17/12/2007,16981.53
18/12/2007,16729.58
19/12/2007,17040.91
20/12/2007,17249.7
21/12/2007,17644.06
24/12/2007,17644.06
25/12/2007,17644.06
26/12/2007,17639.28
27/12/2007,17550.3
28/12/2007,17524.79
31/12/2007,17524.79
01/01/2008,17524.79
02/01/2008,17329.16
03/01/2008,17634.37
04/01/2008,17583.8
07/01/2008,17453.93
08/01/2008,17483.23
09/01/2008,17122.23
10/01/2008,16845.55
11/01/2008,16486.69
14/01/2008,16414.25
15/01/2008,15691.14
16/01/2008,14847.69
17/01/2008,14795.86
18/01/2008,14701.11
21/01/2008,13472.93
22/01/2008,14115.46
23/01/2008,13279
24/01/2008,13604.22
25/01/2008,13877.7
28/01/2008,13819.75
29/01/2008,14166.25
30/01/2008,14544.41
31/01/2008,15009.98
01/02/2008,15363.98
04/02/2008,15953.57
05/02/2008,15387.95
06/02/2008,15501.44
07/02/2008,15442.36
08/02/2008,15841.08
11/02/2008,16059.26
12/02/2008,16483.16
13/02/2008,16531.76
14/02/2008,16444.1
15/02/2008,16052.78
18/02/2008,16129.88
19/02/2008,16439.8
20/02/2008,16597.54
21/02/2008,17009.58
22/02/2008,16883.14
25/02/2008,17028.99
26/02/2008,17337.17
27/02/2008,17778.16
28/02/2008,18053.07
29/02/2008,17766.94
03/03/2008,17853.71
04/03/2008,17255.58
05/03/2008,17544.44
06/03/2008,17513.84
07/03/2008,17575.34
10/03/2008,17463.95
11/03/2008,17776.72
12/03/2008,18064.87
13/03/2008,17957.69
14/03/2008,17877.81
17/03/2008,17350.6
18/03/2008,17606.93
19/03/2008,17277.42
20/03/2008,17277.42
21/03/2008,17277.42
24/03/2008,16996.81
25/03/2008,16986.93
26/03/2008,16945.67
27/03/2008,17431.85
28/03/2008,17404.61
31/03/2008,17387.47
01/04/2008,17394.46
02/04/2008,17614.66
03/04/2008,17885.91
04/04/2008,18094.55
07/04/2008,18309.76
08/04/2008,18065.51
09/04/2008,18034.44
10/04/2008,17792.45
11/04/2008,17666.19
14/04/2008,17515.98
15/04/2008,17582.43
16/04/2008,17628.45
17/04/2008,17538.77
18/04/2008,17470.28
21/04/2008,17474.79
22/04/2008,17566.14
23/04/2008,17629.5
24/04/2008,17567.63
25/04/2008,17420.51
28/04/2008,17355.82
29/04/2008,17446.46
30/04/2008,17429.94
01/05/2008,17429.94
02/05/2008,17431.76
05/05/2008,17402.38
06/05/2008,17418.02
07/05/2008,17365.35
08/05/2008,17377.64
09/05/2008,17329.7
12/05/2008,17420.27
13/05/2008,17525
14/05/2008,17724.27
15/05/2008,17724.27
16/05/2008,17724.27
19/05/2008,17815.34
20/05/2008,17776.6
21/05/2008,17722.97
22/05/2008,17371.47
23/05/2008,17152.04
26/05/2008,17246.3
27/05/2008,17084.28
28/05/2008,17099.33
29/05/2008,16911.5
30/05/2008,17130.79
02/06/2008,17259.14
03/06/2008,17267.97
04/06/2008,17119.53
05/06/2008,16985.39
06/06/2008,16981
09/06/2008,16900.66
10/06/2008,16735.71
11/06/2008,16650.27
12/06/2008,16423.56
13/06/2008,16491.54
16/06/2008,16602.47
17/06/2008,16694.68
18/06/2008,16826.12
19/06/2008,16728.09
20/06/2008,16802.38
23/06/2008,16722.96
24/06/2008,16558.18
25/06/2008,16579.44
26/06/2008,16393.48
27/06/2008,16336.67
30/06/2008,16293.97
01/07/2008,16170.25
02/07/2008,15722.15
03/07/2008,15135.61
04/07/2008,15040.75
07/07/2008,14955.58
08/07/2008,14434.17
09/07/2008,14594.04
10/07/2008,14825.4
11/07/2008,14712.23
14/07/2008,15006.05
15/07/2008,14610.54
16/07/2008,14321.11
17/07/2008,14198
18/07/2008,13914.08
21/07/2008,13789.97
22/07/2008,13556.91
23/07/2008,13479.92
24/07/2008,13274.93
25/07/2008,13351.49
28/07/2008,13351.49
29/07/2008,13351.49
30/07/2008,13392.11
31/07/2008,13765.45
01/08/2008,13818.87
04/08/2008,13482.62
05/08/2008,13266.27
06/08/2008,13317.9
07/08/2008,13242.19
08/08/2008,12715.52
11/08/2008,12324.68
12/08/2008,11897.94
13/08/2008,12096.13
14/08/2008,11899.64
15/08/2008,11716.15
18/08/2008,11829.64
19/08/2008,12020.91
20/08/2008,12278.04
21/08/2008,12653.71
22/08/2008,12500.39
25/08/2008,12652.04
26/08/2008,12912.69
27/08/2008,13376.43
28/08/2008,13268.28
29/08/2008,13287.42
01/09/2008,13305.13
02/09/2008,13301.74
03/09/2008,13234.77
04/09/2008,12952.25
05/09/2008,12653.84
08/09/2008,12477.28
09/09/2008,12144.39
10/09/2008,12078.5
11/09/2008,12062.24
12/09/2008,12291.6
15/09/2008,11994.39
16/09/2008,11593
17/09/2008,11177.07
18/09/2008,10884.43
19/09/2008,11841.43
22/09/2008,11844.44
23/09/2008,11641.46
24/09/2008,11580.48
25/09/2008,11764.88
26/09/2008,11691.58
29/09/2008,11118.83
30/09/2008,11248.42
01/10/2008,11286.37
02/10/2008,10787.5
03/10/2008,10777.9
06/10/2008,9778.59
07/10/2008,9371.36
08/10/2008,9371.36
09/10/2008,8549.43
10/10/2008,7625.18
13/10/2008,8667.77
14/10/2008,9141.01
15/10/2008,8358.41
16/10/2008,7759.39
17/10/2008,7906.32
20/10/2008,8149.27
21/10/2008,7889.11
22/10/2008,7147.19
23/10/2008,6833.65
24/10/2008,6378.66
27/10/2008,6038.66
28/10/2008,6054
29/10/2008,6528.47
30/10/2008,6800.75
31/10/2008,7055.04
03/11/2008,7797.86
04/11/2008,8475.09
05/11/2008,8205.74
06/11/2008,7654.26
07/11/2008,8064.35
10/11/2008,8296.58
11/11/2008,7988.63
12/11/2008,7716.32
13/11/2008,7743.13
14/11/2008,7582.46
17/11/2008,7437.65
18/11/2008,7348.19
19/11/2008,7193.93
20/11/2008,7193.93
21/11/2008,7193.93
24/11/2008,7382.01
25/11/2008,7193.27
26/11/2008,7391.35
27/11/2008,7410.02
28/11/2008,7405.5
01/12/2008,7135.23
02/12/2008,7112.61
03/12/2008,7030.52
04/12/2008,6968.86
05/12/2008,6780.06
08/12/2008,6780.06
09/12/2008,7122.21
10/12/2008,7246.77
11/12/2008,7264.38
12/12/2008,7168.01
15/12/2008,7092.04
16/12/2008,7265.14
17/12/2008,7228.5
18/12/2008,7016.66
19/12/2008,6981.51
22/12/2008,6896.61
23/12/2008,6945.96
24/12/2008,6998.87
25/12/2008,6998.87
26/12/2008,6998.87
29/12/2008,7016.4
30/12/2008,7018.47
31/12/2008,7048.67
01/01/2009,7048.67
02/01/2009,7048.67
05/01/2009,7330.25
06/01/2009,7437.71
07/01/2009,7248.34
08/01/2009,7208.98
09/01/2009,7185.47
12/01/2009,7045.58
13/01/2009,7060.68
14/01/2009,6929.44
15/01/2009,6928.42
16/01/2009,7015.41
19/01/2009,7086.4
20/01/2009,6992.28
21/01/2009,6964.91
22/01/2009,6880.82
23/01/2009,6988.16
26/01/2009,6981.25
27/01/2009,6900.67
28/01/2009,6983.32
29/01/2009,6968.8
30/01/2009,6905.39
02/02/2009,6811.2
03/02/2009,6767.81
04/02/2009,6887.08
05/02/2009,6871.27
06/02/2009,6979.73
09/02/2009,6991.41
10/02/2009,6872.88
11/02/2009,6898.85
12/02/2009,6859.26
13/02/2009,6898.29
16/02/2009,6903.16
17/02/2009,6776.98
18/02/2009,6747.79
19/02/2009,6686.29
20/02/2009,6640.04
23/02/2009,6560.8
24/02/2009,6489.53
25/02/2009,6528.94
26/02/2009,6716.34
27/02/2009,6671.72
02/03/2009,6518.31
03/03/2009,6607.7
04/03/2009,6825.3
05/03/2009,6729.45
06/03/2009,6781.81
09/03/2009,6892.9
10/03/2009,7138.45
11/03/2009,7094.88
12/03/2009,7003.25
13/03/2009,7152.28
16/03/2009,7423.1
17/03/2009,7311.83
18/03/2009,7488.83
19/03/2009,7762.52
20/03/2009,7697.56
23/03/2009,8157.76
24/03/2009,8349.34
25/03/2009,8713.55
26/03/2009,9219.88
27/03/2009,9337.19
30/03/2009,8887.29
31/03/2009,9237.65
01/04/2009,9409.78
02/04/2009,9780.53
03/04/2009,10163.44
06/04/2009,10342.78
07/04/2009,9988.02
08/04/2009,10001.92
09/04/2009,10001.92
10/04/2009,10001.92
13/04/2009,10579.77
14/04/2009,10364.04
15/04/2009,10313.84
16/04/2009,10146.84
17/04/2009,10270.01
20/04/2009,9945.97
21/04/2009,9974.09
22/04/2009,10007.94
23/04/2009,9841.09
24/04/2009,10036.76
27/04/2009,10104.26
28/04/2009,9901.64
29/04/2009,10107.69
30/04/2009,9979.19
01/05/2009,9979.19
04/05/2009,10218.93
05/05/2009,10479.67
06/05/2009,10869.72
07/05/2009,10824.43
08/05/2009,11475.59
11/05/2009,11464.59
12/05/2009,11897.42
13/05/2009,11757.24
14/05/2009,11950.36
15/05/2009,11938.79
18/05/2009,11903.88
19/05/2009,12192.51
20/05/2009,12369.26
21/05/2009,12233.61
22/05/2009,12476.73
25/05/2009,12441.06
26/05/2009,12871.97
27/05/2009,12795.98
28/05/2009,12951.99
29/05/2009,13392.27
01/06/2009,14004.63
02/06/2009,14259.65
03/06/2009,13789.53
04/06/2009,14270.1
05/06/2009,14090.46
08/06/2009,14004.6
09/06/2009,14200.84
10/06/2009,14100.8
11/06/2009,13944.35
12/06/2009,13840.89
15/06/2009,13489.22
16/06/2009,13236.38
17/06/2009,12916.48
18/06/2009,13092.7
19/06/2009,13136.99
22/06/2009,12438.29
23/06/2009,12618.85
24/06/2009,12993.71
25/06/2009,13300.68
26/06/2009,13189.63
29/06/2009,13189.63
30/06/2009,13059.7
01/07/2009,13242.23
02/07/2009,13061.52
03/07/2009,12897.86
06/07/2009,12694.95
07/07/2009,12574.79
08/07/2009,12322.11
09/07/2009,12689.35
10/07/2009,12596.54
13/07/2009,12748.32
14/07/2009,12863.13
15/07/2009,13115.49
16/07/2009,13071.3
17/07/2009,13070.17
20/07/2009,13290.17
21/07/2009,13328.38
22/07/2009,13339.94
23/07/2009,13761.62
24/07/2009,13839.34
27/07/2009,13839.34
28/07/2009,13839.34
29/07/2009,13839.34
30/07/2009,13894.23
31/07/2009,14092.02
03/08/2009,14616.87
04/08/2009,14665.09
05/08/2009,14479.7
06/08/2009,13864.82
07/08/2009,13887
10/08/2009,13834.68
11/08/2009,13831.86
12/08/2009,14075.18
13/08/2009,14329.54
14/08/2009,14227.42
17/08/2009,13972.5
18/08/2009,14060.64
19/08/2009,14157.47
20/08/2009,14264.2
21/08/2009,14362.13
24/08/2009,14274.9
25/08/2009,14218.42
26/08/2009,14076.03
27/08/2009,14238.71
28/08/2009,14151.85
31/08/2009,13955.38
01/09/2009,13748.92
02/09/2009,13764.79
03/09/2009,14085.92
04/09/2009,14164.36
07/09/2009,14146.35
08/09/2009,14330.19
09/09/2009,14253.48
10/09/2009,14413.43
11/09/2009,14513.12
14/09/2009,14649.71
15/09/2009,14556.21
16/09/2009,14896.29
17/09/2009,14965.5
18/09/2009,15147.84
21/09/2009,15154
22/09/2009,15468.26
23/09/2009,15432.35
24/09/2009,15084.5
25/09/2009,15105.61
28/09/2009,15035.01
29/09/2009,15032.36
30/09/2009,15144.2
01/10/2009,14826.94
02/10/2009,14676.85
05/10/2009,14853.97
06/10/2009,15143.78
07/10/2009,15101.39
08/10/2009,15101.39
09/10/2009,15461.87
12/10/2009,15590.64
13/10/2009,15435.83
14/10/2009,15479.78
15/10/2009,15459.48
16/10/2009,15438.39
19/10/2009,15349.45
20/10/2009,15168.73
21/10/2009,15348.85
22/10/2009,15499.77
23/10/2009,15461.14
26/10/2009,15278.66
27/10/2009,15006.11
28/10/2009,14429.43
29/10/2009,14768.49
30/10/2009,14213.54
02/11/2009,14232.6
03/11/2009,14313.55
04/11/2009,14495.62
05/11/2009,14590.38
06/11/2009,14622.76
09/11/2009,14774.89
10/11/2009,14634.07
11/11/2009,14628.92
12/11/2009,14531.24
13/11/2009,14550.06
16/11/2009,14668.47
17/11/2009,14551.98
18/11/2009,14555.17
19/11/2009,14574.96
20/11/2009,14557.69
23/11/2009,14563.3
24/11/2009,14419.03
25/11/2009,14526.17
26/11/2009,14322.64
27/11/2009,14292.87
30/11/2009,14129
01/12/2009,14276.32
02/12/2009,14409.87
03/12/2009,14242.63
04/12/2009,14123.93
07/12/2009,14041.69
08/12/2009,14041.69
09/12/2009,13999.6
10/12/2009,14075.7
11/12/2009,14178.59
14/12/2009,14238.88
15/12/2009,14140.06
16/12/2009,14213.36
17/12/2009,14040.49
18/12/2009,13992.37
21/12/2009,13873.91
22/12/2009,13789.56
23/12/2009,14018.18
24/12/2009,14081.95
25/12/2009,14081.95
28/12/2009,14042.35
29/12/2009,14028.7
30/12/2009,14018.81
31/12/2009,14167.2
01/01/2010,14167.2
04/01/2010,14561.09
05/01/2010,14921.5
06/01/2010,15242.47
07/01/2010,15355.31
08/01/2010,15629.12
11/01/2010,15924.8
12/01/2010,15590.51
13/01/2010,15539.13
14/01/2010,15244.26
15/01/2010,15104.7
18/01/2010,15224.81
19/01/2010,15194.76
20/01/2010,15054.02
21/01/2010,14811.1
22/01/2010,14866.45
25/01/2010,14851.75
26/01/2010,14805.49
27/01/2010,14668.93
28/01/2010,14498.26
29/01/2010,14440.05
01/02/2010,14512.75
02/02/2010,14659.14
03/02/2010,14543.03
04/02/2010,14086.5
05/02/2010,13867.26
08/02/2010,13808.44
09/02/2010,14133.49
10/02/2010,14176.46
11/02/2010,14360.07
12/02/2010,14286.24
15/02/2010,14366.76
16/02/2010,14529.61
17/02/2010,14395.21
18/02/2010,14407.69
19/02/2010,14446.74
22/02/2010,14414
23/02/2010,14097.89
24/02/2010,14122.57
25/02/2010,13982.74
26/02/2010,14002.32
01/03/2010,14140.31
02/03/2010,14210.62
03/03/2010,14250.53
04/03/2010,14231.25
05/03/2010,14429.93
08/03/2010,14469.68
09/03/2010,14398.9
10/03/2010,14346.8
11/03/2010,14284.16
12/03/2010,14374.65
15/03/2010,14253.62
16/03/2010,14458.31
17/03/2010,14713.5
18/03/2010,14717.48
19/03/2010,14731.97
22/03/2010,14759.52
23/03/2010,14826.61
24/03/2010,14758.5
25/03/2010,14823.92
26/03/2010,14974.1
29/03/2010,15219.54
30/03/2010,15138.2
31/03/2010,15129
01/04/2010,15129
02/04/2010,15129
05/04/2010,15467.42
06/04/2010,15669.25
07/04/2010,15691.17
08/04/2010,15633.99
09/04/2010,15733.36
12/04/2010,15743.5
13/04/2010,15691.72
14/04/2010,15803.61
15/04/2010,15728.57
16/04/2010,15482.56
19/04/2010,15469.36
20/04/2010,15575.93
21/04/2010,15684.63
22/04/2010,15774.67
23/04/2010,15980.78
26/04/2010,16046.03
27/04/2010,15790.21
28/04/2010,15928.24
29/04/2010,15913.88
30/04/2010,15842.26
03/05/2010,15784.92
04/05/2010,15259.12
05/05/2010,15242.4
06/05/2010,14973.47
07/05/2010,14847.53
10/05/2010,15420.57
11/05/2010,15505.65
12/05/2010,15577.36
13/05/2010,15490.29
14/05/2010,15193.46
17/05/2010,14892.76
18/05/2010,14922.34
19/05/2010,14658.24
20/05/2010,14211.72
21/05/2010,14567.1
24/05/2010,14586.04
25/05/2010,14264.32
26/05/2010,14342.61
27/05/2010,14645.98
28/05/2010,14504.14
31/05/2010,14487.31
01/06/2010,14270.71
02/06/2010,14243.76
03/06/2010,14135.08
04/06/2010,13818.03
07/06/2010,13503.75
08/06/2010,13622.09
09/06/2010,13872.44
10/06/2010,14155.79
11/06/2010,14217.71
14/06/2010,14279.75
15/06/2010,14423.16
16/06/2010,14391.73
17/06/2010,14344.47
18/06/2010,14342.7
21/06/2010,14428.11
22/06/2010,14338.11
23/06/2010,14252.45
24/06/2010,14120.76
25/06/2010,14198.29
28/06/2010,14159.72
29/06/2010,14159.72
30/06/2010,13985.01
01/07/2010,13834.78
02/07/2010,13823.92
05/07/2010,13722.28
06/07/2010,13734.13
07/07/2010,13761.96
08/07/2010,13816.7
09/07/2010,13985.41
12/07/2010,13953.64
13/07/2010,14056.7
14/07/2010,14067.84
15/07/2010,14077.74
16/07/2010,13916.69
19/07/2010,13843.8
20/07/2010,13835.76
21/07/2010,13820.07
22/07/2010,14049.7
23/07/2010,14152.01
26/07/2010,14225.3
27/07/2010,14179.1
28/07/2010,14179.1
29/07/2010,14179.1
30/07/2010,14275.38
02/08/2010,14520.9
03/08/2010,14687.12
04/08/2010,14820.73
05/08/2010,14746.48
06/08/2010,14699.98
09/08/2010,14853.99
10/08/2010,14877.09
11/08/2010,14664.76
12/08/2010,14808.06
13/08/2010,14801.33
16/08/2010,14866.96
17/08/2010,14938.39
18/08/2010,14972.14
19/08/2010,14868.3
20/08/2010,14874.26
23/08/2010,14902.1
24/08/2010,14844.5
25/08/2010,14936.62
26/08/2010,14975.07
27/08/2010,15105.99
30/08/2010,15105.99
31/08/2010,15153.33
01/09/2010,15319.1
02/09/2010,15368.72
03/09/2010,15568.13
06/09/2010,15742.6
07/09/2010,15786.98
08/09/2010,15864.6
09/09/2010,15833.44
10/09/2010,16151.09
13/09/2010,16536.47
14/09/2010,16522.23
15/09/2010,16561.52
16/09/2010,16658.24
17/09/2010,16721.19
20/09/2010,16892.11
21/09/2010,17162.94
22/09/2010,17363.05
23/09/2010,17199.41
24/09/2010,17315.68
27/09/2010,17435.56
28/09/2010,17577.07
29/09/2010,17709.98
30/09/2010,17867.36
01/10/2010,18159.8
04/10/2010,18169.27
05/10/2010,18806.39
06/10/2010,18941.78
07/10/2010,18855.25
08/10/2010,18855.25
11/10/2010,19037.31
12/10/2010,18995.86
13/10/2010,19450.28
14/10/2010,19499.49
15/10/2010,19293.09
18/10/2010,18940.03
19/10/2010,18366.71
20/10/2010,18777
21/10/2010,18487.58
22/10/2010,18764.9
25/10/2010,18905.22
26/10/2010,19039.82
27/10/2010,18991.26
28/10/2010,18991.32
29/10/2010,19220.93
01/11/2010,19220.93
02/11/2010,19550.99
03/11/2010,19631.12
04/11/2010,20230.42
05/11/2010,20402.51
08/11/2010,20390.96
09/11/2010,20606.72
10/11/2010,20588.95
11/11/2010,20595.34
12/11/2010,20248.41
15/11/2010,20151.46
16/11/2010,19563.53
17/11/2010,19915.13
18/11/2010,20292.13
19/11/2010,20384.52
22/11/2010,20417.52
23/11/2010,20179.45
24/11/2010,20441.13
25/11/2010,20768.71
26/11/2010,20704.46
29/11/2010,20804.26
30/11/2010,20854.5
01/12/2010,21366.22
02/12/2010,21547.34
03/12/2010,21651.12
06/12/2010,21727.17
07/12/2010,21915.33
08/12/2010,21915.33
09/12/2010,21807.69
10/12/2010,21843.42
13/12/2010,22085.82
14/12/2010,22032.85
15/12/2010,21972.9
16/12/2010,22041.44
17/12/2010,22035.58
20/12/2010,22092.86
21/12/2010,22445.14
22/12/2010,22718.62
23/12/2010,22689.38
24/12/2010,22791.27
27/12/2010,22959.71
28/12/2010,23057.3
29/12/2010,23178.45
30/12/2010,23252.67
31/12/2010,23374.57
03/01/2011,23647.92
04/01/2011,23490.09
05/01/2011,23495.61
06/01/2011,23305.04
07/01/2011,22928.85
10/01/2011,22502.52
11/01/2011,22675.23
12/01/2011,22631.86
13/01/2011,22166.93
14/01/2011,21792.57
17/01/2011,21819.53
18/01/2011,22119.08
19/01/2011,22128.27
20/01/2011,21705.47
21/01/2011,21651.64
24/01/2011,21857.05
25/01/2011,21735.14
26/01/2011,22005.95
27/01/2011,22502.92
28/01/2011,22530.71
31/01/2011,22887.41
01/02/2011,23218.52
02/02/2011,23419.93
03/02/2011,23724.08
04/02/2011,23701.56
07/02/2011,23777.04
08/02/2011,23487.93
09/02/2011,22989.58
10/02/2011,22861.64
11/02/2011,22772.1
14/02/2011,22985.35
15/02/2011,22761.08
16/02/2011,22788.76
17/02/2011,22793.27
18/02/2011,23041.59
21/02/2011,23028.9
22/02/2011,22694.93
23/02/2011,22616.51
24/02/2011,22635.95
25/02/2011,22763.85
28/02/2011,22842.96
01/03/2011,22689.04
02/03/2011,22709.28
03/03/2011,22623.39
04/03/2011,22662.51
07/03/2011,22563.34
08/03/2011,22442.21
09/03/2011,22167.65
10/03/2011,21625.29
11/03/2011,21784.13
14/03/2011,21453.22
15/03/2011,20982.75
16/03/2011,20984.13
17/03/2011,20758.13
18/03/2011,20496.59
21/03/2011,21375.17
22/03/2011,21961.66
23/03/2011,22259.34
24/03/2011,22557.82
25/03/2011,22242.55
28/03/2011,21095.67
29/03/2011,21496.34
30/03/2011,21807.64
31/03/2011,21957.49
01/04/2011,21562.53
04/04/2011,21179.11
05/04/2011,21441.84
06/04/2011,21554.14
07/04/2011,21147.76
08/04/2011,21246.34
11/04/2011,20588.69
12/04/2011,19848.49
13/04/2011,18613.96
14/04/2011,18730.84
15/04/2011,19371.26
18/04/2011,18852.91
19/04/2011,18999.17
20/04/2011,18798.67
21/04/2011,18798.67
22/04/2011,18798.67
25/04/2011,18176.55
26/04/2011,17765.63
27/04/2011,17959.32
28/04/2011,18971.59
29/04/2011,19636.22
02/05/2011,19534.32
03/05/2011,19485.14
04/05/2011,20678.38
05/05/2011,20638.49
06/05/2011,21769.92
09/05/2011,21598.84
10/05/2011,21129.86
11/05/2011,20735.46
12/05/2011,21483.63
13/05/2011,22080.21
16/05/2011,22053.07
17/05/2011,21969.04
18/05/2011,22070.8
19/05/2011,22034.42
20/05/2011,21814.19
23/05/2011,21478.64
24/05/2011,21776.94
25/05/2011,21999.71
26/05/2011,22619.09
27/05/2011,22375.3
30/05/2011,21217.76
31/05/2011,21566.07
01/06/2011,20283.93
02/06/2011,21736.48
03/06/2011,21227.68
06/06/2011,18585.81
07/06/2011,19881.1
08/06/2011,20581.13
09/06/2011,20953.26
10/06/2011,20661.02
13/06/2011,20597.58
14/06/2011,20677.88
15/06/2011,20146.17
16/06/2011,19813.6
17/06/2011,19898.22
20/06/2011,19734.02
21/06/2011,19221.42
22/06/2011,19149.9
23/06/2011,19013.57
24/06/2011,18996.88
27/06/2011,18842.29
28/06/2011,18719.46
29/06/2011,18719.46
30/06/2011,18878.78
01/07/2011,19207.77
04/07/2011,19368.44
05/07/2011,19375.02
06/07/2011,19459.57
07/07/2011,19863.51
08/07/2011,19916.9
11/07/2011,19763.8
12/07/2011,19931.9
13/07/2011,20220.94
14/07/2011,20181.82
15/07/2011,20345.75
18/07/2011,21284.74
19/07/2011,21963.55
20/07/2011,22176.12
21/07/2011,22164.41
22/07/2011,22049.23
25/07/2011,22077.03
26/07/2011,22307.17
27/07/2011,21963.1
28/07/2011,21963.1
29/07/2011,21963.1
01/08/2011,21943.78
02/08/2011,21710.28
03/08/2011,21517.25
04/08/2011,20319.87
05/08/2011,20160.11
08/08/2011,18730.56
09/08/2011,19212.6
10/08/2011,18969.23
11/08/2011,19678.72
12/08/2011,19937.43
15/08/2011,20067.39
16/08/2011,19772
17/08/2011,19980.02
18/08/2011,19516.14
19/08/2011,19378.12
22/08/2011,19388.57
23/08/2011,19488.45
24/08/2011,19502.86
25/08/2011,19475.44
26/08/2011,19795.94
29/08/2011,20019.9
30/08/2011,20019.9
31/08/2011,20697.11
01/09/2011,20726.6
02/09/2011,20443.56
05/09/2011,20108.41
06/09/2011,19931.29
07/09/2011,20134.76
08/09/2011,20077.53
09/09/2011,19906.55
12/09/2011,19939.77
13/09/2011,19980.85
14/09/2011,20179.69
15/09/2011,20426.79
16/09/2011,20573.07
19/09/2011,20321.09
20/09/2011,20305.74
21/09/2011,19933.32
22/09/2011,19011.88
23/09/2011,18813.82
26/09/2011,18694.26
27/09/2011,19134.43
28/09/2011,18543.93
29/09/2011,18435.79
30/09/2011,18329.1
03/10/2011,17838.98
04/10/2011,17317.88
05/10/2011,17543.34
06/10/2011,17745.48
07/10/2011,17761.27
10/10/2011,18270.65
11/10/2011,18268.85
12/10/2011,18554.9
13/10/2011,18623.62
14/10/2011,18897.41
17/10/2011,18723.34
18/10/2011,18988.64
19/10/2011,18766.55
20/10/2011,18567.91
21/10/2011,18857.1
24/10/2011,19465.92
25/10/2011,19307.25
26/10/2011,19342.14
27/10/2011,20012.08
28/10/2011,20044.34
31/10/2011,19629.63
01/11/2011,19629.63
02/11/2011,19486.18
03/11/2011,19579.97
04/11/2011,19370.46
07/11/2011,19392.22
08/11/2011,19509.95
09/11/2011,19010.75
10/11/2011,19127.85
11/11/2011,19450.89
14/11/2011,19346.98
15/11/2011,19359.25
16/11/2011,19529.14
17/11/2011,19304.53
18/11/2011,19240.14
21/11/2011,18956.18
22/11/2011,19131.61
23/11/2011,19007.82
24/11/2011,18975.54
25/11/2011,18957.75
28/11/2011,19168.9
29/11/2011,19236.99
30/11/2011,19911.82
01/12/2011,19814.4
02/12/2011,20178.69
05/12/2011,20200.38
06/12/2011,20090.29
07/12/2011,19986.43
08/12/2011,19986.43
09/12/2011,19985.96
12/12/2011,19734.71
13/12/2011,19587.19
14/12/2011,19305.93
15/12/2011,19389.82
16/12/2011,19446.49
19/12/2011,19168.95
20/12/2011,19370.41
21/12/2011,19360.66
22/12/2011,19383.07
23/12/2011,19428.81
26/12/2011,19458.87
27/12/2011,19398.51
28/12/2011,19268.55
29/12/2011,19385.19
30/12/2011,19473.71
02/01/2012,19579.41
03/01/2012,19886.89
04/01/2012,19940.09
05/01/2012,19943.99
06/01/2012,19800.88
09/01/2012,19947.48
10/01/2012,20269.16
11/01/2012,20280.64
12/01/2012,20539.69
13/01/2012,20472
16/01/2012,20592.42
17/01/2012,20712.92
18/01/2012,20868.23
19/01/2012,21006.51
20/01/2012,20887.84
23/01/2012,21206.06
24/01/2012,21277.53
25/01/2012,21410.67
26/01/2012,21645.82
27/01/2012,21843.63
30/01/2012,21852.1
31/01/2012,21948.07
01/02/2012,22371.22
02/02/2012,22686.68
03/02/2012,22918.62
06/02/2012,22906.38
07/02/2012,22803.81
08/02/2012,22730.7
09/02/2012,22697.16
10/02/2012,22508.29
13/02/2012,22429.9
14/02/2012,22269.27
15/02/2012,22276.71
16/02/2012,22360.79
17/02/2012,22456.8
20/02/2012,22604.62
21/02/2012,22873.38
22/02/2012,22870.86
23/02/2012,22835.83
24/02/2012,22825.87
27/02/2012,22729.93
28/02/2012,22900.81
29/02/2012,22728.75
01/03/2012,22982.85
02/03/2012,23163.87
05/03/2012,22967.3
06/03/2012,22664.72
07/03/2012,22839.18
08/03/2012,23033.26
09/03/2012,23232.5
12/03/2012,22997.66
13/03/2012,23145.52
14/03/2012,23015.47
15/03/2012,22974.79
16/03/2012,22962.52
19/03/2012,23079.77
20/03/2012,22935.7
21/03/2012,23056.42
22/03/2012,22772.6
23/03/2012,22953.79
26/03/2012,23334.57
27/03/2012,23650.62
28/03/2012,23537.51
29/03/2012,23335.12
30/03/2012,23612.02
02/04/2012,24051.62
03/04/2012,24035.61
04/04/2012,23622.59
05/04/2012,23622.59
06/04/2012,23622.59
09/04/2012,23405.64
10/04/2012,23284.84
11/04/2012,23270.01
12/04/2012,23471.36
13/04/2012,23335.66
16/04/2012,23268.5
17/04/2012,23361.21
18/04/2012,23274.98
19/04/2012,23149.97
20/04/2012,23264.9
23/04/2012,22938.24
24/04/2012,22945.72
25/04/2012,22845.02
26/04/2012,22799.41
27/04/2012,22908.98
30/04/2012,22677.93
01/05/2012,22677.93
02/05/2012,22379.99
03/05/2012,22055.99
04/05/2012,22138.03
07/05/2012,21967.93
08/05/2012,21393.59
09/05/2012,21550.8
10/05/2012,21763.94
11/05/2012,21662.45
14/05/2012,21255.2
15/05/2012,20871.12
16/05/2012,20856.99
17/05/2012,20622.02
18/05/2012,20501.81
21/05/2012,20680.89
22/05/2012,20726.59
23/05/2012,20536.83
24/05/2012,20637.22
25/05/2012,20744.49
28/05/2012,20849.26
29/05/2012,21026.33
30/05/2012,20875.09
31/05/2012,20997.56
01/06/2012,20700.68
04/06/2012,20575.03
05/06/2012,20655.57
06/06/2012,21018.91
07/06/2012,21020.17
08/06/2012,20957.55
11/06/2012,20905.8
12/06/2012,20887.63
13/06/2012,20812.6
14/06/2012,20702.9
15/06/2012,20634.18
18/06/2012,20714.6
19/06/2012,20776.54
20/06/2012,20712.41
21/06/2012,20434.58
22/06/2012,20509.26
25/06/2012,20426.87
26/06/2012,20372.07
27/06/2012,20334.85
28/06/2012,20207.16
29/06/2012,20207.16
02/07/2012,20645.1
03/07/2012,20776.82
04/07/2012,20718.49
05/07/2012,20661.89
06/07/2012,20602.68
09/07/2012,20434.36
10/07/2012,20224.52
11/07/2012,20089.31
12/07/2012,19954.85
13/07/2012,20107.13
16/07/2012,20067.35
17/07/2012,20033.85
18/07/2012,20088.64
19/07/2012,20115.5
20/07/2012,20023.06
23/07/2012,19754.37
24/07/2012,19536.55
25/07/2012,19544.29
26/07/2012,19674.23
27/07/2012,19822.53
30/07/2012,19692.52
31/07/2012,19627.5
01/08/2012,19452.8
02/08/2012,19282.92
03/08/2012,19730.47
06/08/2012,19738.5
07/08/2012,19754.17
08/08/2012,19769.55
09/08/2012,19748.2
10/08/2012,19806.65
13/08/2012,19736.77
14/08/2012,19833.06
15/08/2012,19844.55
16/08/2012,20022.02
17/08/2012,20105.31
20/08/2012,20107.08
21/08/2012,20304.73
22/08/2012,20295.43
23/08/2012,20177.65
24/08/2012,20215.36
27/08/2012,20265.77
28/08/2012,20230.82
29/08/2012,20197.62
30/08/2012,20197.62
31/08/2012,20311.66
03/09/2012,20270.41
04/09/2012,19985.31
05/09/2012,19977.86
06/09/2012,20161.75
07/09/2012,20494.04
10/09/2012,20536.23
11/09/2012,20717.42
12/09/2012,20997.78
13/09/2012,21435.23
14/09/2012,21951.8
17/09/2012,21762.3
18/09/2012,21610.01
19/09/2012,21723.63
20/09/2012,21694.87
21/09/2012,21884.55
24/09/2012,21784.77
25/09/2012,21747.83
26/09/2012,21583.91
27/09/2012,21736.07
28/09/2012,21674.79
01/10/2012,21674.79
02/10/2012,21674.79
03/10/2012,21432.79
04/10/2012,21680.57
05/10/2012,21766.63
08/10/2012,21766.63
09/10/2012,21508.1
10/10/2012,21399.3
11/10/2012,21525.1
12/10/2012,21410.29
15/10/2012,21349.18
16/10/2012,21472.51
17/10/2012,21529.58
18/10/2012,21476.86
19/10/2012,21443.3
22/10/2012,21402.98
23/10/2012,21166.87
24/10/2012,21056.94
25/10/2012,21011.04
26/10/2012,20968.79
29/10/2012,20918.6
30/10/2012,20952.4
31/10/2012,20789.41
01/11/2012,20789.41
02/11/2012,20865.63
05/11/2012,20978.92
06/11/2012,20935.86
07/11/2012,20886.62
08/11/2012,21115.06
09/11/2012,21046.16
12/11/2012,21060.33
13/11/2012,21067.94
14/11/2012,20523.54
15/11/2012,20093.83
16/11/2012,20044
19/11/2012,20307.63
20/11/2012,20191.7
21/11/2012,20102.05
22/11/2012,20039.84
23/11/2012,20227.74
26/11/2012,20211.52
27/11/2012,20096.61
28/11/2012,20073.39
29/11/2012,20165.15
30/11/2012,20044.62
03/12/2012,20291.44
04/12/2012,20260.81
05/12/2012,20199.39
06/12/2012,20192.09
07/12/2012,19938.26
10/12/2012,19908.02
11/12/2012,20147.83
12/12/2012,20272.09
13/12/2012,20158.65
14/12/2012,20147.08
17/12/2012,20163.94
18/12/2012,20292.21
19/12/2012,20466.87
20/12/2012,20350.45
21/12/2012,20338.87
24/12/2012,20307.31
25/12/2012,20307.31
26/12/2012,20354.4
27/12/2012,20377.63
28/12/2012,20548.18
31/12/2012,20629.35
01/01/2013,20629.35
02/01/2013,21016.02
03/01/2013,21120.35
04/01/2013,21221.45
07/01/2013,21336.93
08/01/2013,21544.54
09/01/2013,21588.08
10/01/2013,21902.23
11/01/2013,21905.52
14/01/2013,21870.35
15/01/2013,21735.27
16/01/2013,21836.92
17/01/2013,21761.43
18/01/2013,21666.72
21/01/2013,21747.62
22/01/2013,21625.27
23/01/2013,21651.73
24/01/2013,21500.47
25/01/2013,21282.8
28/01/2013,20926.11
29/01/2013,20940.92
30/01/2013,21305.86
31/01/2013,21435.29
01/02/2013,21800.27
04/02/2013,21641.7
05/02/2013,21730.15
06/02/2013,21754.08
07/02/2013,21707.35
08/02/2013,21778.57
11/02/2013,21613.02
12/02/2013,21627.8
13/02/2013,21612.37
14/02/2013,21395.36
15/02/2013,21108.1
18/02/2013,21106.48
19/02/2013,21026.39
20/02/2013,20818.86
21/02/2013,20663.4
22/02/2013,20633.63
25/02/2013,20562.5
26/02/2013,20678.88
27/02/2013,20640.62
28/02/2013,20611.68
01/03/2013,20646.48
04/03/2013,20385.47
05/03/2013,20446.4
06/03/2013,20560.62
07/03/2013,20364.56
08/03/2013,20384.79
11/03/2013,20360.8
12/03/2013,20218.3
13/03/2013,19796.57
14/03/2013,19796.84
15/03/2013,20196.13
18/03/2013,20155.47
19/03/2013,19815.95
20/03/2013,19852.6
21/03/2013,19966.45
22/03/2013,19992.52
25/03/2013,19744.55
26/03/2013,19762.85
27/03/2013,19858.95
28/03/2013,19858.95
29/03/2013,19858.95
01/04/2013,19917.41
02/04/2013,19702.15
03/04/2013,19549.08
04/04/2013,19608.48
05/04/2013,19509.57
08/04/2013,19381.26
09/04/2013,19494.2
10/04/2013,19389.54
11/04/2013,19462.2
12/04/2013,19226.88
15/04/2013,18435.84
16/04/2013,18487.57
17/04/2013,17915.72
18/04/2013,17858.14
19/04/2013,17904.84
22/04/2013,17900.16
23/04/2013,17781.56
24/04/2013,17662.16
25/04/2013,18153.91
26/04/2013,17789.27
29/04/2013,17822.09
30/04/2013,17352.92
01/05/2013,17352.92
02/05/2013,17447.61
03/05/2013,17652.27
06/05/2013,17706.34
07/05/2013,17408.11
08/05/2013,17575.32
09/05/2013,17812.75
10/05/2013,17801.38
13/05/2013,17996.48
14/05/2013,17565.34
15/05/2013,17129.65
16/05/2013,16416.57
17/05/2013,16543.37
20/05/2013,16679.29
21/05/2013,16745.83
22/05/2013,16736.28
23/05/2013,16610.8
24/05/2013,16454.05
27/05/2013,16418.54
28/05/2013,16259.62
29/05/2013,16110.1
30/05/2013,16097.54
31/05/2013,16049.65
03/06/2013,15970.84
04/06/2013,16063.22
05/06/2013,15959.73
06/06/2013,15914.96
07/06/2013,16114.33
10/06/2013,16145.86
11/06/2013,15713.69
12/06/2013,15761.38
13/06/2013,16347.38
14/06/2013,16437.48
17/06/2013,16645.7
18/06/2013,16714.68
19/06/2013,16561.75
20/06/2013,15746.1
21/06/2013,15630.08
24/06/2013,15250.53
25/06/2013,15328.74
26/06/2013,15134.25
27/06/2013,15166.67
28/06/2013,15549.55
01/07/2013,15621.95
02/07/2013,15492.35
03/07/2013,15450.24
04/07/2013,15415.37
05/07/2013,15181.7
08/07/2013,15152.49
09/07/2013,14899.53
10/07/2013,14643.03
11/07/2013,14955.11
12/07/2013,15013.6
15/07/2013,15023
16/07/2013,15136.15
17/07/2013,15326.01
18/07/2013,15318.54
19/07/2013,15417.65
22/07/2013,15524.31
23/07/2013,15622.8
24/07/2013,15412.89
25/07/2013,15335.67
26/07/2013,15310.92
29/07/2013,15310.92
30/07/2013,15122.77
31/07/2013,15118.46
01/08/2013,15308.76
02/08/2013,15298.04
05/08/2013,15267.87
06/08/2013,15045.4
07/08/2013,15082.58
08/08/2013,15226.93
09/08/2013,15638.41
12/08/2013,16255.61
13/08/2013,16362.32
14/08/2013,16500.91
15/08/2013,16509.26
16/08/2013,16525.49
19/08/2013,16550.76
20/08/2013,16681
21/08/2013,16615.31
22/08/2013,16596.22
23/08/2013,16765.36
26/08/2013,16855.55
27/08/2013,16506.57
28/08/2013,16521.58
29/08/2013,16652.22
30/08/2013,16652.22
02/09/2013,16714.59
03/09/2013,16928.39
04/09/2013,16826.8
05/09/2013,16767.41
06/09/2013,16966.79
09/09/2013,16977.32
10/09/2013,17130.34
11/09/2013,17000.43
12/09/2013,16498.57
13/09/2013,16444.54
16/09/2013,16645.76
17/09/2013,16196.93
18/09/2013,16154.26
19/09/2013,16405.7
20/09/2013,16115.22
23/09/2013,16043.69
24/09/2013,15906.88
25/09/2013,16003.32
26/09/2013,15805.05
27/09/2013,15945.97
30/09/2013,15919.71
01/10/2013,15791
02/10/2013,15816.68
03/10/2013,15648.19
04/10/2013,15530.89
07/10/2013,15551.31
08/10/2013,15551.31
09/10/2013,15512.25
10/10/2013,15488.27
11/10/2013,15460.93
14/10/2013,15467.03
15/10/2013,15503.33
16/10/2013,15540.24
17/10/2013,15734.01
18/10/2013,15890.28
21/10/2013,15916.41
22/10/2013,16285.81
23/10/2013,16197.65
24/10/2013,16223.52
25/10/2013,16196.63
28/10/2013,16235.15
29/10/2013,16393.7
30/10/2013,16309.78
31/10/2013,16322.01
01/11/2013,16322.01
04/11/2013,16484.09
05/11/2013,16436.35
06/11/2013,16401.26
07/11/2013,16204.11
08/11/2013,15918.69
11/11/2013,15945.72
12/11/2013,15889.47
13/11/2013,15729.61
14/11/2013,15709.04
15/11/2013,15725.15
18/11/2013,15556.41
19/11/2013,15310.41
20/11/2013,15204.05
21/11/2013,15124.5
22/11/2013,15097.13
25/11/2013,15032.63
26/11/2013,15186.45
27/11/2013,15174.7
28/11/2013,15170.99
29/11/2013,15200.4
02/12/2013,15142.06
03/12/2013,14767.72
04/12/2013,14712.12
05/12/2013,14654.59
06/12/2013,14667.65
09/12/2013,14779
10/12/2013,15045.13
11/12/2013,15079.71
12/12/2013,15171.99
13/12/2013,15264.77
16/12/2013,15545.4
17/12/2013,15716.91
18/12/2013,15706.96
19/12/2013,15574.71
20/12/2013,15493.37
23/12/2013,15472.12
24/12/2013,15518.74
25/12/2013,15518.74
26/12/2013,15593.06
27/12/2013,15595.38
30/12/2013,15642.75
31/12/2013,15642.75
01/01/2014,15753.65
02/01/2014,15876.48
03/01/2014,15878.75
06/01/2014,15839.65
07/01/2014,15830.62
08/01/2014,15955.59
09/01/2014,15954.3
10/01/2014,16072.72
13/01/2014,16140.16
14/01/2014,16133.42
15/01/2014,16179.3
16/01/2014,16321.6
17/01/2014,16465.43
20/01/2014,16535.05
21/01/2014,16530.24
22/01/2014,16380.63
23/01/2014,16377.16
24/01/2014,16056.19
27/01/2014,15786.49
28/01/2014,15633.76
29/01/2014,15396.45
30/01/2014,15550.22
31/01/2014,15452.05
03/02/2014,15050.95
04/02/2014,15080.39
05/02/2014,15071.95
06/02/2014,15109.53
07/02/2014,15349.08
10/02/2014,15284.58
11/02/2014,15330.41
12/02/2014,15351.01
13/02/2014,15447.67
14/02/2014,15564.23
17/02/2014,15604.35
18/02/2014,15565.93
19/02/2014,15417.88
20/02/2014,15479.51
21/02/2014,15564.71
24/02/2014,15593.31
25/02/2014,15488.66
26/02/2014,15349.5
27/02/2014,15306.96
28/02/2014,15441.26
03/03/2014,15156.89
04/03/2014,15210.19
05/03/2014,15184.22
06/03/2014,15225.12
07/03/2014,15129.25
10/03/2014,15097.11
11/03/2014,15110.22
12/03/2014,15155.35
13/03/2014,14874.97
14/03/2014,14804.94
17/03/2014,14768.52
18/03/2014,14676.63
19/03/2014,14455.76
20/03/2014,14454.23
21/03/2014,14407.32
24/03/2014,14341.02
25/03/2014,14134.53
26/03/2014,14032.78
27/03/2014,14037.48
28/03/2014,14273.32
31/03/2014,14298.92
01/04/2014,14297.44
02/04/2014,14298.84
03/04/2014,14282.55
04/04/2014,14298.89
07/04/2014,14302.95
08/04/2014,14496.39
09/04/2014,14572.88
10/04/2014,14761.23
11/04/2014,14689.57
14/04/2014,14769.21
15/04/2014,14619.67
16/04/2014,14648.56
17/04/2014,14648.56
18/04/2014,14648.56
21/04/2014,14691.51
22/04/2014,14800.99
23/04/2014,14949.74
24/04/2014,15129.66
25/04/2014,15099.65
28/04/2014,15093.64
29/04/2014,15247.13
30/04/2014,15528.38
01/05/2014,15528.38
02/05/2014,15572.52
05/05/2014,15636.6
06/05/2014,15605.98
07/05/2014,15677
08/05/2014,15851.4
09/05/2014,15881.39
12/05/2014,16112.52
13/05/2014,15815.85
14/05/2014,15758.68
15/05/2014,15792.3
16/05/2014,15751.73
19/05/2014,15670.95
20/05/2014,15676.32
21/05/2014,15642.04
22/05/2014,15741.4
23/05/2014,15788.07
26/05/2014,15783.79
27/05/2014,15770.34
28/05/2014,15663.09
29/05/2014,15672.46
30/05/2014,15753.25
02/06/2014,15740.19
03/06/2014,15754
04/06/2014,15667.79
05/06/2014,15909.82
06/06/2014,15957.13
09/06/2014,16050.64
10/06/2014,16051.58
11/06/2014,16075.62
12/06/2014,16236.02
13/06/2014,16210.72
16/06/2014,16254.8
17/06/2014,16325.41
18/06/2014,16416.82
19/06/2014,16665.33
20/06/2014,16641.54
23/06/2014,16636.9
24/06/2014,16490.87
25/06/2014,16494.35
26/06/2014,16553.74
27/06/2014,16496.01
30/06/2014,16662.28
01/07/2014,16718.72
02/07/2014,16766.65
03/07/2014,16903.33
04/07/2014,16986
07/07/2014,16999.62
08/07/2014,17082.05
09/07/2014,17202.87
10/07/2014,17137.38
11/07/2014,17152.95
14/07/2014,17066.87
15/07/2014,16862.7
16/07/2014,16852.04
17/07/2014,16841.88
18/07/2014,16871.23
21/07/2014,16942.47
22/07/2014,17006.07
23/07/2014,17032.88
24/07/2014,16968.57
25/07/2014,17022.2
28/07/2014,17022.2
29/07/2014,17022.2
30/07/2014,16882.83
31/07/2014,16866.07
01/08/2014,16922.14
04/08/2014,16930.33
05/08/2014,16787.32
06/08/2014,16898.38
07/08/2014,16861.87
08/08/2014,16812.54
11/08/2014,16843.52
12/08/2014,16836.93
13/08/2014,16799.94
14/08/2014,16804.75
15/08/2014,16758.53
18/08/2014,16950.61
19/08/2014,16954.8
20/08/2014,16969.2
21/08/2014,16979.49
22/08/2014,17036.21
25/08/2014,17029.72
26/08/2014,16942.27
27/08/2014,17026.95
28/08/2014,17031.38
29/08/2014,17010.82
01/09/2014,17024.49
02/09/2014,17013.96
03/09/2014,17218.55
04/09/2014,17040.53
05/09/2014,17229.18
08/09/2014,17248.57
09/09/2014,17139.06
10/09/2014,16989.39
11/09/2014,17076.72
12/09/2014,16925.71
15/09/2014,17012
16/09/2014,17074.8
17/09/2014,17002.35
18/09/2014,16908.78
19/09/2014,16941.95
22/09/2014,16768.59
23/09/2014,16787.61
24/09/2014,16724.63
25/09/2014,16621.48
26/09/2014,16600.78
29/09/2014,16568.19
30/09/2014,16226.61
01/10/2014,15965.63
02/10/2014,15736.33
03/10/2014,15741.46
06/10/2014,15702.63
07/10/2014,15419.64
08/10/2014,15419.64
09/10/2014,15454.57
10/10/2014,15547.78
13/10/2014,15601.33
14/10/2014,15615.66
15/10/2014,15819.13
16/10/2014,15893.11
17/10/2014,16134.26
20/10/2014,15817.7
21/10/2014,15773.59
22/10/2014,15799.48
23/10/2014,15996.64
24/10/2014,16037.7
27/10/2014,15879.49
28/10/2014,16004.02
29/10/2014,16023.11
30/10/2014,15829.53
31/10/2014,15673.23
03/11/2014,15532.44
04/11/2014,15438.97
05/11/2014,15094.07
06/11/2014,15180.74
07/11/2014,15468.98
10/11/2014,15446.49
11/11/2014,15641.68
12/11/2014,15479.6
13/11/2014,15403.24
14/11/2014,15280.63
17/11/2014,15096.86
18/11/2014,15177.2
19/11/2014,15138.3
20/11/2014,15186.36
21/11/2014,15335.41
24/11/2014,15344.04
25/11/2014,15358.94
26/11/2014,15358.57
27/11/2014,15238.19
28/11/2014,15106.46
01/12/2014,15184.14
02/12/2014,15057.59
03/12/2014,15107.87
04/12/2014,14972.32
05/12/2014,14749.03
08/12/2014,14749.03
09/12/2014,14833.52
10/12/2014,14920.37
11/12/2014,14854.17
12/12/2014,14698.21
15/12/2014,14422.62
16/12/2014,14130.59
17/12/2014,14149.26
18/12/2014,14390.6
19/12/2014,14474.49
22/12/2014,14507.01
23/12/2014,14551.43
24/12/2014,14543.19
25/12/2014,14543.19
26/12/2014,14669.01
29/12/2014,14517.38
30/12/2014,14724.48
31/12/2014,14794.32
01/01/2015,14794.32
02/01/2015,14794.32
05/01/2015,14540.86
06/01/2015,14540.93
07/01/2015,14489.66
08/01/2015,14432.61
09/01/2015,14384.35
12/01/2015,14358.7
13/01/2015,14018.22
14/01/2015,13502.34
15/01/2015,13537.47
16/01/2015,13563.4
19/01/2015,13578.16
20/01/2015,13581.74
21/01/2015,13394.86
22/01/2015,13514.09
23/01/2015,13484.07
26/01/2015,13579.33
27/01/2015,13740.58
28/01/2015,13630.74
29/01/2015,13465.25
30/01/2015,13669.78
02/02/2015,13542.85
03/02/2015,13633.88
04/02/2015,13755.51
05/02/2015,13800.41
06/02/2015,13534.77
09/02/2015,13620.86
10/02/2015,13552.85
11/02/2015,13504.13
12/02/2015,13679.43
13/02/2015,13972.14
16/02/2015,14048.35
17/02/2015,13767.83
18/02/2015,13836.16
19/02/2015,13861.92
20/02/2015,13768.68
23/02/2015,13460.43
24/02/2015,13493.65
25/02/2015,13379.83
26/02/2015,13353.22
27/02/2015,13397.42
02/03/2015,13420.88
03/03/2015,13374.89
04/03/2015,13334.85
05/03/2015,13276
06/03/2015,13018.53
09/03/2015,12716.48
10/03/2015,12634.01
11/03/2015,12586.19
12/03/2015,12634.37
13/03/2015,12636.75
16/03/2015,12479.88
17/03/2015,12529.81
18/03/2015,12620.68
19/03/2015,12582.06
20/03/2015,12690.25
23/03/2015,12524.78
24/03/2015,12521.45
25/03/2015,12414.35
26/03/2015,12374.41
27/03/2015,12375.11
30/03/2015,12417.14
31/03/2015,12461.81
01/04/2015,12717.95
02/04/2015,12717.95
03/04/2015,12717.95
06/04/2015,12949.61
07/04/2015,12878.14
08/04/2015,12802.56
09/04/2015,12823.19
10/04/2015,12887.65
13/04/2015,12884.19
14/04/2015,12932.14
15/04/2015,13020.72
16/04/2015,13138.01
17/04/2015,13044.42
20/04/2015,12999.62
21/04/2015,12967.09
22/04/2015,13024.34
23/04/2015,13075.31
24/04/2015,13071.7
27/04/2015,13183.45
28/04/2015,13217.95
29/04/2015,13237.66
30/04/2015,13366.86
01/05/2015,13366.86
04/05/2015,13595.58
05/05/2015,13640.26
06/05/2015,13617.93
07/05/2015,13547.46
08/05/2015,13516.81
11/05/2015,13610.45
12/05/2015,13623.68
13/05/2015,13769.06
14/05/2015,13772.34
15/05/2015,13769.28
18/05/2015,13604.84
19/05/2015,13482.71
20/05/2015,13478.72
21/05/2015,13346.01
22/05/2015,13391.57
25/05/2015,13429.56
26/05/2015,13256.74
27/05/2015,13188.15
28/05/2015,13188.73
29/05/2015,13180.61
01/06/2015,13048.17
02/06/2015,13224.93
03/06/2015,13088.81
04/06/2015,13053.03
05/06/2015,13052
08/06/2015,12985.77
09/06/2015,12946.18
10/06/2015,13003.88
11/06/2015,13007.1
12/06/2015,13022.36
15/06/2015,12960.09
16/06/2015,12897.29
17/06/2015,13065.6
18/06/2015,13094.98
19/06/2015,13131.05
22/06/2015,13196.12
23/06/2015,13244.79
24/06/2015,13306.99
25/06/2015,13187.66
26/06/2015,13284.37
29/06/2015,13284.37
30/06/2015,13113.17
01/07/2015,13090.1
02/07/2015,13052.91
03/07/2015,13054.91
06/07/2015,12896.75
07/07/2015,12837.56
08/07/2015,12694.81
09/07/2015,12662.06
10/07/2015,12701.42
13/07/2015,12769.72
14/07/2015,12795.86
15/07/2015,12728.43
16/07/2015,12696.56
17/07/2015,12519.26
20/07/2015,12257.79
21/07/2015,12302.83
22/07/2015,12236.28
23/07/2015,12046.74
24/07/2015,11969
30/07/2015,11968.64
31/07/2015,11987.88
03/08/2015,11759.65
04/08/2015,11686.71
05/08/2015,11720.57
06/08/2015,11667.19
07/08/2015,11609.36
10/08/2015,11775.78
11/08/2015,11615.31
12/08/2015,11585.37
13/08/2015,11513.45
14/08/2015,10908.66
17/08/2015,10737.66
18/08/2015,10688.51
19/08/2015,10559.68
20/08/2015,10473.66
21/08/2015,10193.84
24/08/2015,9752.81
25/08/2015,9782.62
26/08/2015,9770.21
27/08/2015,10257.31
28/08/2015,10482.15
31/08/2015,10340.49
01/09/2015,10202.09
02/09/2015,10192.64
03/09/2015,10176.45
04/09/2015,10089.1
07/09/2015,10114.14
08/09/2015,10166.4
09/09/2015,10137.63
10/09/2015,10263.7
11/09/2015,10312.36
14/09/2015,10266.07
15/09/2015,10224.84
16/09/2015,10316.28
17/09/2015,10306.67
18/09/2015,10277.18
21/09/2015,10279.45
22/09/2015,10102.38
23/09/2015,10046.98
24/09/2015,9982.91
25/09/2015,9989.42
28/09/2015,9838.02
29/09/2015,9894.19
30/09/2015,10030.57
01/10/2015,10114.65
02/10/2015,10072.65
05/10/2015,10407.1
06/10/2015,10499.67
07/10/2015,10574.8
08/10/2015,10574.8
09/10/2015,10574.8
12/10/2015,10613.2
13/10/2015,10650.28
14/10/2015,10759.6
15/10/2015,10756.43
16/10/2015,10646.02
19/10/2015,10597.33
20/10/2015,10629.21
21/10/2015,10571.31
22/10/2015,10650.8
23/10/2015,10796.67
26/10/2015,10781.89
27/10/2015,10680.11
28/10/2015,10691.86
29/10/2015,10590.36
30/10/2015,10545.61
02/11/2015,10545.41
03/11/2015,10624.49
04/11/2015,10617.96
05/11/2015,10584.78
06/11/2015,10577.13
09/11/2015,10550.59
10/11/2015,10463.91
11/11/2015,10538.01
12/11/2015,10482.89
13/11/2015,10406.57
16/11/2015,10368.93
17/11/2015,10334.01
18/11/2015,10313.44
19/11/2015,10424.29
20/11/2015,10413.44
23/11/2015,10422.11
24/11/2015,10458.09
25/11/2015,10378.56
26/11/2015,10377.4
27/11/2015,10223.33
30/11/2015,10226.89
01/12/2015,10301.34
02/12/2015,10172.97
03/12/2015,10132.56
04/12/2015,10246.85
07/12/2015,10184.8
09/12/2015,10175.88
10/12/2015,10079.29
11/12/2015,10014.71
14/12/2015,9876.13
15/12/2015,9898.88
16/12/2015,9926.33
17/12/2015,9874.43
18/12/2015,9675.68
21/12/2015,9641.45
22/12/2015,9706.85
23/12/2015,9867.81
24/12/2015,9872.93
28/12/2015,9738.08
29/12/2015,9822.85
30/12/2015,9799.79
31/12/2015,9848.59
01/01/2016,9848.59
04/01/2016,9793.09
05/01/2016,9697.08
06/01/2016,9613.15
07/01/2016,9454.62
08/01/2016,9328.2
11/01/2016,9152.27
12/01/2016,9157.32
13/01/2016,9097.12
14/01/2016,9108.86
15/01/2016,9047.4
18/01/2016,9036.96
19/01/2016,8892.26
20/01/2016,8878.15
21/01/2016,8882.76
22/01/2016,9034.28
25/01/2016,9058.2
26/01/2016,9171.52
27/01/2016,9231.37
28/01/2016,9307.97
29/01/2016,9391.84
01/02/2016,9430.44
02/02/2016,9275.27
03/02/2016,9412.69
04/02/2016,9682.72
05/02/2016,9699.61
08/02/2016,9684.14
09/02/2016,9668.8
10/02/2016,9885.22
11/02/2016,9885.22
12/02/2016,10205.04
15/02/2016,10242.83
16/02/2016,10274.06
17/02/2016,10339.14
18/02/2016,10374.19
19/02/2016,10372.43
22/02/2016,10586.24
23/02/2016,10608.5
24/02/2016,10675.59
25/02/2016,10732.79
26/02/2016,10716.33
29/02/2016,10742.19
01/03/2016,10771.99
02/03/2016,11055.8
03/03/2016,11140.07
04/03/2016,11278.58
07/03/2016,11419.89
08/03/2016,11382.79
09/03/2016,11497.38
10/03/2016,11400.68
11/03/2016,11293.95
14/03/2016,11261.48
15/03/2016,11140.27
16/03/2016,11295.56
17/03/2016,11678.68
18/03/2016,11987.5
21/03/2016,12086.39
22/03/2016,12042.45
23/03/2016,11824.57
24/03/2016,11824.57
25/03/2016,11824.57
28/03/2016,11730.88
29/03/2016,11798.86
30/03/2016,12071.79
31/03/2016,12057.93
01/04/2016,11890.43
04/04/2016,11729.08
05/04/2016,11791.43
06/04/2016,11709.12
07/04/2016,11410.02
08/04/2016,11524.81
11/04/2016,12517.38
12/04/2016,12801.13
13/04/2016,12938.78
14/04/2016,12767.49
15/04/2016,12814.66
18/04/2016,12974.65
19/04/2016,13278.48
20/04/2016,13242.27
21/04/2016,13295.92
22/04/2016,13197.09
25/04/2016,13170.16
26/04/2016,13263.82
27/04/2016,13442.89
28/04/2016,13509.8
29/04/2016,13702.47
02/05/2016,13746
03/05/2016,13545.06
04/05/2016,13267.07
05/05/2016,13262.23
06/05/2016,13332.01
09/05/2016,13143.6
10/05/2016,13451.77
11/05/2016,13549.48
12/05/2016,13523.95
13/05/2016,13641.98
16/05/2016,13762.6
17/05/2016,13723.54
18/05/2016,13565.86
19/05/2016,13416.54
20/05/2016,13418.13
23/05/2016,13498.15
24/05/2016,13439.24
25/05/2016,13491.75
26/05/2016,13581.26
27/05/2016,13552.61
30/05/2016,13605.08
31/05/2016,13535.97
01/06/2016,13555.76
02/06/2016,13660.16
03/06/2016,13949.1
06/06/2016,13949.14
07/06/2016,13901.01
08/06/2016,13910.37
09/06/2016,13980.63
10/06/2016,13775.92
13/06/2016,13621.64
14/06/2016,13443.46
15/06/2016,13695.79
16/06/2016,13626.08
17/06/2016,13644.84
20/06/2016,13645
21/06/2016,13636.01
22/06/2016,13616.49
23/06/2016,13771.85
24/06/2016,13487.69
27/06/2016,13395.2
28/06/2016,13533.99
29/06/2016,13533.99
30/06/2016,13856.9
01/07/2016,13968.39
04/07/2016,14034.84
05/07/2016,13790.5
06/07/2016,13808.9
07/07/2016,13775.73
08/07/2016,14052.08
11/07/2016,14149.25
12/07/2016,14227.54
13/07/2016,14308.27
14/07/2016,14454.68
15/07/2016,14412.62
18/07/2016,14543.67
19/07/2016,14567.22
20/07/2016,14578.84
21/07/2016,14777.64
22/07/2016,14762.87
25/07/2016,14765.31
26/07/2016,14904.21
27/07/2016,15210.97
28/07/2016,15210.97
29/07/2016,15210.97
01/08/2016,15367.32
02/08/2016,15333.18
03/08/2016,15404.77
04/08/2016,15455.28
05/08/2016,15395.35
08/08/2016,15301.49
09/08/2016,15233.49
10/08/2016,15376.11
11/08/2016,15442.22
12/08/2016,15373.68
15/08/2016,15434.25
16/08/2016,15386.44
17/08/2016,15376.22
18/08/2016,15528.94
19/08/2016,15590.3
22/08/2016,15555.94
23/08/2016,15538.41
24/08/2016,15308.46
25/08/2016,15271.67
26/08/2016,15220.15
29/08/2016,15393.48
30/08/2016,15393.48
31/08/2016,15130.24
01/09/2016,15257
02/09/2016,15468
05/09/2016,15564.42
06/09/2016,15688.49
07/09/2016,15738.3
08/09/2016,15715.29
09/09/2016,15482.85
12/09/2016,15524.82
13/09/2016,15297.23
14/09/2016,15301.94
15/09/2016,15312.28
16/09/2016,15135.8
19/09/2016,15201.77
20/09/2016,15241.21
21/09/2016,15373.88
22/09/2016,15456.3
23/09/2016,15324.63
26/09/2016,15208.51
27/09/2016,15074.8
28/09/2016,15222.98
29/09/2016,15277.78
30/09/2016,15296.98
03/10/2016,15246.65
04/10/2016,15072.04
05/10/2016,15071.07
06/10/2016,15005.13
07/10/2016,15060.6
10/10/2016,15068.89
11/10/2016,15007.17
12/10/2016,15066.18
13/10/2016,14986.09
14/10/2016,15012.58
17/10/2016,14993.82
18/10/2016,15175.15
19/10/2016,15294.99
20/10/2016,15311.19
21/10/2016,15243.71
24/10/2016,15181.7
25/10/2016,15247.57
26/10/2016,15256.83
27/10/2016,15186.14
28/10/2016,15100.86
31/10/2016,15171.04
01/11/2016,15171.04
02/11/2016,15055.61
03/11/2016,15002.94
04/11/2016,15163.6
07/11/2016,15409.85
08/11/2016,15336.17
09/11/2016,15440.18
10/11/2016,15784.29
11/11/2016,15516.45
14/11/2016,15477.29
15/11/2016,15361.26
16/11/2016,15261.1
17/11/2016,15261.1
18/11/2016,15261.1
21/11/2016,15196.72
22/11/2016,15246.79
23/11/2016,15266.06
24/11/2016,15307.43
25/11/2016,15390.6
28/11/2016,15396.94
29/11/2016,15303.28
30/11/2016,15414.97
01/12/2016,15545.97
02/12/2016,15484.85
05/12/2016,15601.24
06/12/2016,15591.84
07/12/2016,15633.28
08/12/2016,15633.28
09/12/2016,15612.94
12/12/2016,15484.55
13/12/2016,15434.23
14/12/2016,15433.68
15/12/2016,15384.98
16/12/2016,15404.72
19/12/2016,15360.01
20/12/2016,15438.79
21/12/2016,15577.99
22/12/2016,15535.01
23/12/2016,15433.74
26/12/2016,15453.05
27/12/2016,15491.27
28/12/2016,15529.04
29/12/2016,15607.64
30/12/2016,15566.96
02/01/2017,15534.94
03/01/2017,15827.43
04/01/2017,15970.5
05/01/2017,16036.09
06/01/2017,15984.81
09/01/2017,16044.74
10/01/2017,16205.74
11/01/2017,16079.92
12/01/2017,16009.32
13/01/2017,16018.04
16/01/2017,16011.19
17/01/2017,15905.37
18/01/2017,15895
19/01/2017,15726.74
20/01/2017,15696.1
23/01/2017,15838.14
24/01/2017,16096.64
25/01/2017,16199.82
26/01/2017,16056.3
27/01/2017,16023.49
30/01/2017,15944.5
31/01/2017,15983.95
01/02/2017,16048.53
02/02/2017,16082.46
03/02/2017,16149.37
06/02/2017,16242.64
07/02/2017,16407.15
08/02/2017,16415.54
09/02/2017,16283
10/02/2017,16441.86
13/02/2017,16444.87
14/02/2017,16327.08
15/02/2017,16344.82
16/02/2017,16299.19
17/02/2017,16254.53
20/02/2017,16179.55
21/02/2017,16314.11
22/02/2017,16319.33
23/02/2017,16223.64
24/02/2017,15935.2
27/02/2017,15740.41
28/02/2017,15766.12
01/03/2017,16030.39
02/03/2017,15916.18
03/03/2017,15896.26
06/03/2017,15608.76
07/03/2017,15449.88
08/03/2017,15391.73
09/03/2017,15274.73
10/03/2017,15306.28
13/03/2017,15315.08
14/03/2017,15054.77
15/03/2017,15293.5
16/03/2017,15504.09
17/03/2017,15518.44
20/03/2017,15054.77
21/03/2017,15462.38
22/03/2017,15412.45
23/03/2017,15492.47
24/03/2017,15512.05
27/03/2017,15460.62
28/03/2017,15581.49
29/03/2017,15624.93
30/03/2017,15673.12
31/03/2017,15757.01
03/04/2017,15787.42
04/04/2017,15924.81
05/04/2017,15997.85
06/04/2017,15910.78
07/04/2017,15844.2
10/04/2017,15779.11
11/04/2017,15791
12/04/2017,15841.95
13/04/2017,15841.95
14/04/2017,15841.95
17/04/2017,15750.63
18/04/2017,15617.29
19/04/2017,15586.93
20/04/2017,15686.23
21/04/2017,15646.39
24/04/2017,15545.59
25/04/2017,15538.13
26/04/2017,15654.9
27/04/2017,15495.33
28/04/2017,15559.3
01/05/2017,15559.3
02/05/2017,15703.48
03/05/2017,15661.05
04/05/2017,15595.64
05/05/2017,15722.31
08/05/2017,15772.6
09/05/2017,15870.71
10/05/2017,16024.42
11/05/2017,16134.24
12/05/2017,16190.28
15/05/2017,16246.36
16/05/2017,16136.54
17/05/2017,16171.85
18/05/2017,16136.54
19/05/2017,16186.44
22/05/2017,16191.83
23/05/2017,16137.92
24/05/2017,16014.94
25/05/2017,16029.21
26/05/2017,16073.03
29/05/2017,16150.57
30/05/2017,16053.44
31/05/2017,16000.08
01/06/2017,15943.19
02/06/2017,15910.6
05/06/2017,15958.44
06/06/2017,16061.17
07/06/2017,16091.83
08/06/2017,16153.09
09/06/2017,16198.71
12/06/2017,16046.51
13/06/2017,16098.88
14/06/2017,16129.13
15/06/2017,15903.5
16/06/2017,15858.77
19/06/2017,15987.77
20/06/2017,15879.38
21/06/2017,16022.16
22/06/2017,16005.18
23/06/2017,16076.77
26/06/2017,16078.92
27/06/2017,16077.89
28/06/2017,16017.14
29/06/2017,16017.14
30/06/2017,16132.87
03/07/2017,16186.84
04/07/2017,16248.71
05/07/2017,16254.73
06/07/2017,16166.37
07/07/2017,16172.49
10/07/2017,16158.83
11/07/2017,16321.7
12/07/2017,16414.87
13/07/2017,16388.51
14/07/2017,16512.25
17/07/2017,16582.25
18/07/2017,16554.12
19/07/2017,16578.22
20/07/2017,16573.92
21/07/2017,16621.76
24/07/2017,16616.15
25/07/2017,16740.67
26/07/2017,16761.94
27/07/2017,16855.81
28/07/2017,16855.81
31/07/2017,16750.17
01/08/2017,16844.12
02/08/2017,16850.5
03/08/2017,16882.53
04/08/2017,16825.97
07/08/2017,16797.1
08/08/2017,16995.64
09/08/2017,17125.93
10/08/2017,16891.34
11/08/2017,16887.89
14/08/2017,16950.07
15/08/2017,16949.99
16/08/2017,17179.11
17/08/2017,17077.86
18/08/2017,17245.49
21/08/2017,17378.49
22/08/2017,17448.97
23/08/2017,17395.53
24/08/2017,17511.86
25/08/2017,17561.08
28/08/2017,17634.19
29/08/2017,17607.98
30/08/2017,17607.98
31/08/2017,17616.44
01/09/2017,17830.31
04/09/2017,17889.57
05/09/2017,17878.29
06/09/2017,18113.87
07/09/2017,18059.32
08/09/2017,17943.85
11/09/2017,18067.99
12/09/2017,18050.38
13/09/2017,18070.66
14/09/2017,18060.39
15/09/2017,18150.42
18/09/2017,18166.08
19/09/2017,18100.3
20/09/2017,18049.98
21/09/2017,18087.42
22/09/2017,18020.99
25/09/2017,18208.13
26/09/2017,18230.7
27/09/2017,18277.58
28/09/2017,18538.27
29/09/2017,18087.42
02/10/2017,18798.02
03/10/2017,19065.87
04/10/2017,19363.39
05/10/2017,19610.46
06/10/2017,19479.14
09/10/2017,19405.99
10/10/2017,19327.92
11/10/2017,19346.43
12/10/2017,19473.06
13/10/2017,19628.15
16/10/2017,19760.69
17/10/2017,19694.52
18/10/2017,19655.27
19/10/2017,19473.06
20/10/2017,19768.62
23/10/2017,19903.02
24/10/2017,19952.95
25/10/2017,19912.47
26/10/2017,19940.2
27/10/2017,19952.84
30/10/2017,19866.23
31/10/2017,19874.12
01/11/2017,19874.12
02/11/2017,20082.61
03/11/2017,20099.63
06/11/2017,20157.27
07/11/2017,19978.71
08/11/2017,19958.55
09/11/2017,19961.68
10/11/2017,19680.91
13/11/2017,19594.04
14/11/2017,19498.6
15/11/2017,19426.01
16/11/2017,19385.7
17/11/2017,19518.28
20/11/2017,19582.27
21/11/2017,19766.71
22/11/2017,19886
23/11/2017,19932.43
24/11/2017,20011.1
27/11/2017,19832.89
28/11/2017,19811.52
29/11/2017,19782.61
30/11/2017,19722.18
01/12/2017,19766.72
04/12/2017,19658.69
05/12/2017,19430.59
06/12/2017,19242.56
07/12/2017,19232.22
08/12/2017,19232.22
11/12/2017,19206.14
12/12/2017,19289.55
13/12/2017,19251.16
14/12/2017,18655.24
15/12/2017,18589.37
18/12/2017,18977.16
19/12/2017,19066.22
20/12/2017,19257.26
21/12/2017,19240.39
22/12/2017,19660.4
25/12/2017,19660.4
26/12/2017,19604.92
27/12/2017,19661.48
28/12/2017,19839.44
29/12/2017,19974.38
01/01/2018,19974.38
02/01/2018,20280.67
03/01/2018,20320.9
04/01/2018,20490.25
05/01/2018,20640.87
08/01/2018,20548.08
09/01/2018,20547.98
10/01/2018,20554.53
11/01/2018,20588.82
12/01/2018,20777.07
15/01/2018,20788.49
16/01/2018,20838.56
17/01/2018,20808.77
18/01/2018,20847.61
19/01/2018,20934.58
22/01/2018,20948.21
23/01/2018,20991.09
24/01/2018,21246.5
25/01/2018,21247.2
26/01/2018,21380.22
29/01/2018,21374.35
30/01/2018,21136.98
31/01/2018,21068.89
01/02/2018,21084.97
02/02/2018,20720.94
05/02/2018,20511.03
06/02/2018,20606.98
07/02/2018,20554.51
08/02/2018,20195.57
09/02/2018,20196.79
12/02/2018,20339.68
13/02/2018,20458.92
14/02/2018,20858.59
15/02/2018,20895.48
16/02/2018,20759.16
19/02/2018,20730.62
20/02/2018,20652.07
21/02/2018,20704.94
22/02/2018,20689.05
23/02/2018,20768.07
26/02/2018,20807.84
27/02/2018,20805.08
28/02/2018,20831.78
01/03/2018,20753.54
02/03/2018,20832.77
05/03/2018,20848.51
06/03/2018,21043.51
07/03/2018,20865.18
08/03/2018,20793.7
09/03/2018,20943.01
12/03/2018,20876.75
13/03/2018,20824.11
14/03/2018,20683.8
15/03/2018,20639.09
16/03/2018,20626.02
19/03/2018,20534.43
20/03/2018,20658.27
21/03/2018,20840.67
22/03/2018,20557.35
23/03/2018,20640.33
26/03/2018,20667.58
27/03/2018,20600.18
28/03/2018,20558.84
29/03/2018,20558.84
30/03/2018,20558.84
02/04/2018,20775.67
03/04/2018,20882.07
04/04/2018,21012.69
05/04/2018,21135.29
06/04/2018,21038.12
09/04/2018,21007.22
10/04/2018,21155.83
11/04/2018,21200.76
12/04/2018,21116.35
13/04/2018,21116.35
16/04/2018,21031.52
17/04/2018,21308.8
18/04/2018,21361.98
19/04/2018,21414.91
20/04/2018,21454.91
23/04/2018,21516.09
24/04/2018,21504.17
25/04/2018,21357.15
26/04/2018,21467.14
27/04/2018,21410.3
30/04/2018,21428.86
01/05/2018,21428.86
02/05/2018,21328.86
03/05/2018,21148.32
04/05/2018,21151.44
07/05/2018,21176.48
08/05/2018,21136.69
09/05/2018,21143.13
10/05/2018,21267.78
11/05/2018,21248.8
14/05/2018,21088.82
15/05/2018,21116.12
16/05/2018,20952.86
17/05/2018,21088.99
18/05/2018,21094.66
21/05/2018,21114.27
22/05/2018,21121.48
23/05/2018,20906.95
24/05/2018,20988.53
25/05/2018,20992.36
28/05/2018,21003.81
29/05/2018,20718.13
30/05/2018,20786.96
31/05/2018,20814.29
01/06/2018,21018.11
04/06/2018,21128.17
05/06/2018,21188.57
06/06/2018,21346.75
07/06/2018,21228.44
08/06/2018,21203.95
11/06/2018,21197.11
12/06/2018,21321.28
13/06/2018,21137.38
14/06/2018,21030.63
15/06/2018,20732.88
18/06/2018,20639.08
19/06/2018,20566.9
20/06/2018,20445.27
21/06/2018,20360.46
22/06/2018,20325.83
25/06/2018,20149.21
26/06/2018,20039.05
27/06/2018,20005.93
28/06/2018,19800.26
29/06/2018,19800.26
02/07/2018,19872.86
03/07/2018,19682.4
04/07/2018,19670.67
05/07/2018,19900.89
06/07/2018,19953.92
09/07/2018,20095.9
10/07/2018,20019.89
11/07/2018,19711.52
12/07/2018,19730.34
13/07/2018,19749.09
16/07/2018,19727.32
17/07/2018,20001.6
18/07/2018,20032.4
19/07/2018,19965.79
20/07/2018,20045.54
23/07/2018,20134.6
24/07/2018,20331.12
25/07/2018,20347.13
26/07/2018,20414.42
27/07/2018,20373.96
30/07/2018,20384.47
31/07/2018,20485.72
01/08/2018,20407.92
02/08/2018,20176.92
03/08/2018,20287.26
06/08/2018,20202.46
07/08/2018,20223.46
08/08/2018,20213.45
09/08/2018,20166.05
10/08/2018,20124.06
13/08/2018,19956.55
14/08/2018,19986
15/08/2018,19533.38
16/08/2018,19493.69
17/08/2018,19533.29
20/08/2018,19584.5
21/08/2018,19452.8
22/08/2018,19457.05
23/08/2018,19468.42
24/08/2018,19631.33
27/08/2018,19704.21
28/08/2018,19638.25
29/08/2018,19653.24
30/08/2018,19653.24
31/08/2018,19443.11
03/09/2018,19467.27
04/09/2018,19169.03
05/09/2018,18942.14
06/09/2018,18875.65
07/09/2018,18900.44
10/09/2018,18896.63
11/09/2018,18757.86
12/09/2018,19026.7
13/09/2018,18970.62
14/09/2018,18934.81
17/09/2018,18772.92
18/09/2018,18885.3
19/09/2018,19175.75
20/09/2018,19488.34
21/09/2018,19609.61
24/09/2018,19575.04
25/09/2018,19585.06
26/09/2018,19604
27/09/2018,19537.65
28/09/2018,19564.07
01/10/2018,19570.45
02/10/2018,19694.04
03/10/2018,19823.44
04/10/2018,19629.02
05/10/2018,19357.74
08/10/2018,19357.74
09/10/2018,19390.92
10/10/2018,19211.34
11/10/2018,19232.2
12/10/2018,19231.14
15/10/2018,19306.34
16/10/2018,19360.44
17/10/2018,19290.61
18/10/2018,19064.32
19/10/2018,18895.09
22/10/2018,18905.75
23/10/2018,18708.69
24/10/2018,18657.99
25/10/2018,18657.68
26/10/2018,18576.36
29/10/2018,18593.16
30/10/2018,18641.35
31/10/2018,18909.4
01/11/2018,18909.4
02/11/2018,19165.7
05/11/2018,19273.8
06/11/2018,19302.11
07/11/2018,19266.2
08/11/2018,19278.82
09/11/2018,19080.49
12/11/2018,18935.49
13/11/2018,18975.75
14/11/2018,18989.87
15/11/2018,19183.65
16/11/2018,19446.81
19/11/2018,19363.65
20/11/2018,19046.65
21/11/2018,19134.29
22/11/2018,19219.92
23/11/2018,18894.13
26/11/2018,18974.47
27/11/2018,18999.05
28/11/2018,19207.4
29/11/2018,19303.62
30/11/2018,19180.97
03/12/2018,19361.77
04/12/2018,19451.9
05/12/2018,19529.61
06/12/2018,19322.91
07/12/2018,19405.23
10/12/2018,19202.09
11/12/2018,19249.9
12/12/2018,19245.58
13/12/2018,19201.21
14/12/2018,19073.49
17/12/2018,19128.29
18/12/2018,19156.63
19/12/2018,19119.21
20/12/2018,19085.34
21/12/2018,18997.14
24/12/2018,19015.97
25/12/2018,19015.97
26/12/2018,19099.23
27/12/2018,19205.78
28/12/2018,19305.02
31/12/2018,19350.4
01/01/2019,19350.4
02/01/2019,19368.14
03/01/2019,19242.78
04/01/2019,19469.46
07/01/2019,19490.95
08/01/2019,19378.67
09/01/2019,19565.91
10/01/2019,19699.12
11/01/2019,19617.04
14/01/2019,19668.77
15/01/2019,19538.41
16/01/2019,19582.05
17/01/2019,19658.94
18/01/2019,19576.87
21/01/2019,19580.15
22/01/2019,19513.63
23/01/2019,19566.34
24/01/2019,19691.64
25/01/2019,19856.14
28/01/2019,19846.78
29/01/2019,20041.32
30/01/2019,20067.22
31/01/2019,20190.87
01/02/2019,20294.04
04/02/2019,20450.28
05/02/2019,20517.61
06/02/2019,20532.71
07/02/2019,20315.97
08/02/2019,20314.77
11/02/2019,20138.19
12/02/2019,20125.39
13/02/2019,20155.01
14/02/2019,20226.24
15/02/2019,20391.24
18/02/2019,20346.15
19/02/2019,20417.73
20/02/2019,20627.41
21/02/2019,20423.26
22/02/2019,20560.07
25/02/2019,20561.13
26/02/2019,20567.61
27/02/2019,20569.26
28/02/2019,20614.45
01/03/2019,20561.58
04/03/2019,20611.18
05/03/2019,20540.38
06/03/2019,20590.13
07/03/2019,20540.38
08/03/2019,20497.3
11/03/2019,20661.2
12/03/2019,20746.53
13/03/2019,20895.64
14/03/2019,20823.38
15/03/2019,20919.07
18/03/2019,21004.56
19/03/2019,21134.48
20/03/2019,21195.25
21/03/2019,21141.52
22/03/2019,21009.3
25/03/2019,20982.91
26/03/2019,21030.29
27/03/2019,20997.1
28/03/2019,20976.61
29/03/2019,21098.07
01/04/2019,21075.93
02/04/2019,21105.55
03/04/2019,21151.66
04/04/2019,21287.28
05/04/2019,21367.59
08/04/2019,21436.43
09/04/2019,21272.66
10/04/2019,21279.33
11/04/2019,21000.95
12/04/2019,21099.81
15/04/2019,21004.21
16/04/2019,21139.65
17/04/2019,20938.43
18/04/2019,20938.43
19/04/2019,20938.43
22/04/2019,20873.79
23/04/2019,20824.63
24/04/2019,20703.35
25/04/2019,20700.38
26/04/2019,20846.27
29/04/2019,20886.76
30/04/2019,20896.5
01/05/2019,20896.5
02/05/2019,20765.92
03/05/2019,20801.52
06/05/2019,20747.16
07/05/2019,20688.02
08/05/2019,20430.44
09/05/2019,20213.3
10/05/2019,20159.52
13/05/2019,19957.71
14/05/2019,20021.44
15/05/2019,20011.32
16/05/2019,19951.9
17/05/2019,19919
20/05/2019,19941.11
21/05/2019,20074.22
22/05/2019,19902.59
23/05/2019,19669.22
24/05/2019,19711.53
27/05/2019,19668.89
28/05/2019,19639.09
29/05/2019,19658.14
30/05/2019,19812.4
31/05/2019,19922.77
03/06/2019,19981.1
04/06/2019,19986.77
05/06/2019,20100.69
06/06/2019,20113.62
07/06/2019,20298.64
10/06/2019,20287.56
11/06/2019,20388.77
12/06/2019,20407.68
13/06/2019,20250.85
14/06/2019,20295.8
17/06/2019,20206.58
18/06/2019,20363.6
19/06/2019,20298.91
20/06/2019,20587.85
21/06/2019,20492.17
24/06/2019,20750
25/06/2019,20601.04
26/06/2019,20609.42
27/06/2019,20666.13
28/06/2019,20622.79
01/07/2019,20727.82
02/07/2019,20729.07
03/07/2019,20770.43
04/07/2019,20845.74
05/07/2019,20881.95
08/07/2019,20883.96
09/07/2019,20707.33
10/07/2019,20760.77
11/07/2019,20698.61
12/07/2019,20738.54
15/07/2019,20635
16/07/2019,20805.87
17/07/2019,20839.3
18/07/2019,20919.65
19/07/2019,20845.29
22/07/2019,20783.49
23/07/2019,20729.21
24/07/2019,20762.12
25/07/2019,20817.15
26/07/2019,20692.32
30/07/2019,20199.61
31/07/2019,19957.26
01/08/2019,19862.67
02/08/2019,19695.44
05/08/2019,19396.96
06/08/2019,19338.63
07/08/2019,19604.48
08/08/2019,19653.96
09/08/2019,19487.67
12/08/2019,19126.72
13/08/2019,19226.19
14/08/2019,18955.34
15/08/2019,18862.77
16/08/2019,18915.65
19/08/2019,19112.2
20/08/2019,19088.02
21/08/2019,18965.52
22/08/2019,18833.67
23/08/2019,18807.43
26/08/2019,18723.7
27/08/2019,18866.03
28/08/2019,19034.99
29/08/2019,19106.75
30/08/2019,19106.75
02/09/2019,19279.91
03/09/2019,19264.76
04/09/2019,19242.27
05/09/2019,19487.18
06/09/2019,19357.65
09/09/2019,19193.23
10/09/2019,19211.42
11/09/2019,19328.81
12/09/2019,19416.72
13/09/2019,19416.32
16/09/2019,19468.26
17/09/2019,19485.46
18/09/2019,19506.98
19/09/2019,19491.36
20/09/2019,19455.72
23/09/2019,19370.14
24/09/2019,19371.18
25/09/2019,19391.8
26/09/2019,19630.64
27/09/2019,19750.35
30/09/2019,19602.71
01/10/2019,19249.81
02/10/2019,19008.19
03/10/2019,18990.27
04/10/2019,19270.23
07/10/2019,19232.36
08/10/2019,19232.36
09/10/2019,19059.65
10/10/2019,19034.39
11/10/2019,19284.68
14/10/2019,19401.49
15/10/2019,19405.79
16/10/2019,19355.12
17/10/2019,19298.57
18/10/2019,19407.98
21/10/2019,19284.83
22/10/2019,19402.99
23/10/2019,19502.96
24/10/2019,19600.58
25/10/2019,19518.94
28/10/2019,19561.49
29/10/2019,19719.8
30/10/2019,19690.62
31/10/2019,19904.87
01/11/2019,19904.87
04/11/2019,20079.56
05/11/2019,20067.57
06/11/2019,20065.19
07/11/2019,20140.82
08/11/2019,19853.8
11/11/2019,19767
12/11/2019,19771.08
13/11/2019,19716.28
14/11/2019,19581.08
15/11/2019,19700.67
18/11/2019,19742.8
19/11/2019,19743.22
20/11/2019,19702.21
21/11/2019,19753.04
22/11/2019,19885.65
25/11/2019,19971.6
26/11/2019,19965.93
27/11/2019,19942.33
28/11/2019,20055.57
29/11/2019,20078
02/12/2019,20044.4
03/12/2019,19759.25
04/12/2019,19766.89
05/12/2019,19769.52
06/12/2019,19874.38
09/12/2019,19779.52
10/12/2019,19925.83
11/12/2019,20022.73
12/12/2019,20103.93
13/12/2019,20096.56
16/12/2019,20010.54
17/12/2019,20069.21
18/12/2019,20243.15
19/12/2019,20439.28
20/12/2019,20312.78
23/12/2019,20356.48
24/12/2019,20414.24
25/12/2019,20414.24
26/12/2019,20606.9
27/12/2019,20579.51
30/12/2019,20587.08
31/12/2019,20526.13
01/01/2020,20526.13
02/01/2020,20634.14
03/01/2020,20545.51
06/01/2020,20568.39
07/01/2020,20475.28
08/01/2020,20381.92
09/01/2020,20420.17
10/01/2020,20447.35
13/01/2020,20475.92
14/01/2020,20489.66
15/01/2020,20557.02
16/01/2020,20610.52
17/01/2020,20727.28
20/01/2020,20734.74
21/01/2020,20612.18
22/01/2020,20679.59
23/01/2020,20545.19
24/01/2020,20319.2
27/01/2020,19964.42
28/01/2020,19924.76
29/01/2020,19979.74
30/01/2020,19914.98
31/01/2020,19834.9
03/02/2020,19835.79
04/02/2020,20251.61
05/02/2020,20393.94
06/02/2020,20100.81
07/02/2020,19883.88
10/02/2020,19941.39
11/02/2020,19958.87
12/02/2020,20059.31
13/02/2020,20008.03
14/02/2020,19854.48
17/02/2020,19841.45
18/02/2020,19600.06
19/02/2020,19728.32
20/02/2020,19715.96
21/02/2020,19600.88
24/02/2020,19196.6
25/02/2020,18852.95
26/02/2020,18946.14
27/02/2020,18608.19
28/02/2020,18264.3
02/03/2020,18555.85
03/03/2020,18494.81
04/03/2020,18837.4
05/03/2020,18717.88
06/03/2020,18285.94
09/03/2020,17323.13
10/03/2020,17750.63
11/03/2020,17094.31
12/03/2020,15312.23
13/03/2020,15947.92
16/03/2020,15215.21
17/03/2020,15403.07
18/03/2020,14523.92
19/03/2020,14650.97
20/03/2020,14389.9
23/03/2020,14050.97
24/03/2020,14243.5
25/03/2020,14539.6
26/03/2020,14483.46
27/03/2020,13892.62
30/03/2020,13911.73
31/03/2020,14463.96
01/04/2020,13900.05
02/04/2020,13785.72
03/04/2020,13538.79
06/04/2020,13565.64
07/04/2020,13774.5
08/04/2020,13912.39
09/04/2020,13912.39
10/04/2020,13912.39
13/04/2020,14379.82
14/04/2020,14464.82
15/04/2020,14456.95
16/04/2020,14446.73
17/04/2020,14493.95
20/04/2020,14625.61
21/04/2020,14306.62
22/04/2020,14403.89
23/04/2020,14403.89
24/04/2020,14384.07
27/04/2020,14229.95
28/04/2020,14345.05
29/04/2020,14453.53
30/04/2020,14779.28
01/05/2020,14779.28
04/05/2020,14722.3
05/05/2020,14900.48
06/05/2020,14953.76
07/05/2020,15095.05
08/05/2020,15409.18
11/05/2020,15265.59
12/05/2020,15485.86
13/05/2020,15143.33
14/05/2020,15126.21
15/05/2020,15189.15
18/05/2020,15679.31
19/05/2020,15461.57
20/05/2020,15427.15
21/05/2020,15423.58
22/05/2020,15349.3
25/05/2020,15400.12
26/05/2020,15485.68
27/05/2020,15725.53
28/05/2020,15777.54
29/05/2020,15580.85
01/06/2020,15743.47
02/06/2020,15780.96
03/06/2020,16342.08
04/06/2020,16618.33
05/06/2020,17236.69
08/06/2020,17488.35
09/06/2020,17323.05
10/06/2020,17324.63
11/06/2020,16603.5
12/06/2020,16824.21
15/06/2020,16982.91
16/06/2020,17019.55
17/06/2020,17008.37
18/06/2020,16948.04
19/06/2020,16971.98
22/06/2020,16913.69
23/06/2020,16951.07
24/06/2020,16753.23
25/06/2020,16632.44
26/06/2020,16634.47
29/06/2020,16634.47
30/06/2020,16878
01/07/2020,16724.02
02/07/2020,16737.05
03/07/2020,16698.71
06/07/2020,16976.05
07/07/2020,16913.77
08/07/2020,16835.88
09/07/2020,16599.65
10/07/2020,16671.15
13/07/2020,16646.36
14/07/2020,16574.72
15/07/2020,16741.43
16/07/2020,16649.49
17/07/2020,16752.86
20/07/2020,16817.61
21/07/2020,17134.52
22/07/2020,17243.38
23/07/2020,17268.44
24/07/2020,17288.66
27/07/2020,17700.78
28/07/2020,17700.78
29/07/2020,17737.74
30/07/2020,17614.34
31/07/2020,17512.53
03/08/2020,17559.53
04/08/2020,17571.8
05/08/2020,17935.06
06/08/2020,18017.36
07/08/2020,17972.36
10/08/2020,17981.82
11/08/2020,17910.34
12/08/2020,17983.07
13/08/2020,18192.34
14/08/2020,18307.13
17/08/2020,18467.1
18/08/2020,18521.86
19/08/2020,18351.95
20/08/2020,18349.71
21/08/2020,18276.04
24/08/2020,18295.22
25/08/2020,18252.13
26/08/2020,18330.81
27/08/2020,18338.47
28/08/2020,18420.44
31/08/2020,18576.89
01/09/2020,18675.37
02/09/2020,18487.05
03/09/2020,18485.97
04/09/2020,18137.94
07/09/2020,18198.36
08/09/2020,18103.14
09/09/2020,18268.07
10/09/2020,18102.31
11/09/2020,18025.94
14/09/2020,18163.49
15/09/2020,17966.92
16/09/2020,18093.99
17/09/2020,18021.2
18/09/2020,17907.13
21/09/2020,17692.68
22/09/2020,17777.14
23/09/2020,17497.24
24/09/2020,17777.75
25/09/2020,17743.88
28/09/2020,17875.08
29/09/2020,17881.18
30/09/2020,17948.78
01/10/2020,17842.81
02/10/2020,17911.56
05/10/2020,17953.22
06/10/2020,18128.92
07/10/2020,17958.64
08/10/2020,18032
09/10/2020,18112.26
12/10/2020,18013.55
13/10/2020,17821.17
14/10/2020,17835.07
15/10/2020,17690.8
16/10/2020,17667.51
19/10/2020,17617.4
20/10/2020,17812.29
21/10/2020,18164.72
22/10/2020,18066.53
23/10/2020,18058.66
26/10/2020,17844.41
27/10/2020,18157.71
28/10/2020,17664.1
29/10/2020,17705.84
30/10/2020,17472.2
02/11/2020,17772.77
03/11/2020,17824.47
04/11/2020,17709.04
05/11/2020,18037.18
06/11/2020,17994.83
09/11/2020,18896.04
10/11/2020,17666.78
11/11/2020,17837.75
12/11/2020,17804.86
13/11/2020,18048.41
16/11/2020,18290.33
17/11/2020,18517.7
18/11/2020,18629.02
19/11/2020,18553.16
20/11/2020,18810.39
23/11/2020,18924.54
24/11/2020,19480.87
25/11/2020,19642.32
26/11/2020,19610.39
27/11/2020,19601.09
30/11/2020,19796.51
01/12/2020,20146.31
02/12/2020,20313.85
03/12/2020,20474.49
04/12/2020,20590.58
07/12/2020,20762.62
09/12/2020,20646.35
10/12/2020,20781.79
11/12/2020,20474
14/12/2020,20485.32
15/12/2020,20583.14
16/12/2020,20679.22
17/12/2020,20811.72
18/12/2020,20729.79
21/12/2020,20562.09
22/12/2020,20493.59
23/12/2020,20797.4
24/12/2020,20835.73
28/12/2020,20842.4
29/12/2020,20862.78
30/12/2020,20967.19
31/12/2020,20822.15
04/01/2021,21023.58
05/01/2021,21009.13
06/01/2021,21330.35
07/01/2021,21693.55
08/01/2021,21625.37
11/01/2021,21654.59
12/01/2021,21618.55
13/01/2021,21517.9
14/01/2021,21633.82
15/01/2021,21465.24
18/01/2021,21460.78
19/01/2021,21561.72
20/01/2021,21541.29
21/01/2021,21403.87
22/01/2021,21383.82
25/01/2021,21394.61
26/01/2021,21471.26
27/01/2021,21067.66
28/01/2021,21289.72
29/01/2021,21110.22
01/02/2021,21610.03
02/02/2021,21451.89
03/02/2021,21632.78
04/02/2021,21552.2
05/02/2021,21783.37
08/02/2021,21941.3
09/02/2021,22310.78
10/02/2021,22492.23
11/02/2021,22151.94
12/02/2021,22413.98
15/02/2021,22232.27
16/02/2021,22597
17/02/2021,22681.68
18/02/2021,22469.8
19/02/2021,22794.18
22/02/2021,23180.01
23/02/2021,23179.52
24/02/2021,23199.68
25/02/2021,22875.05
26/02/2021,22530.22
01/03/2021,22810.03
02/03/2021,22871.62
03/03/2021,22872.47
04/03/2021,22536.28
05/03/2021,22550.39
08/03/2021,22565.44
09/03/2021,22566.58
10/03/2021,22702.52
11/03/2021,22739.37
12/03/2021,22767.39
15/03/2021,22673.85
16/03/2021,22339.99
17/03/2021,22443.86
18/03/2021,22312.08
19/03/2021,22214.81
22/03/2021,21967.52
23/03/2021,21529.02
24/03/2021,21497.13
25/03/2021,21254.37
26/03/2021,21410.27
29/03/2021,21404.96
30/03/2021,21478.65
31/03/2021,21372.03
05/04/2021,21429.88
06/04/2021,21510.32
07/04/2021,21334.96
08/04/2021,21799.92
09/04/2021,21715.75
12/04/2021,21315.22
13/04/2021,21436.43
14/04/2021,21279.35
15/04/2021,21285.3
16/04/2021,21194.13
19/04/2021,20483.68
20/04/2021,19533.66
21/04/2021,19639.55
22/04/2021,19052.72
23/04/2021,19042.89
26/04/2021,19310.91
27/04/2021,19185.2
28/04/2021,19021.89
29/04/2021,19319.67
30/04/2021,19562.77
03/05/2021,19601.13
04/05/2021,19484.2
05/05/2021,19608.83
06/05/2021,19521.03
07/05/2021,20178.11
10/05/2021,20957.68
11/05/2021,20870.22
12/05/2021,21720.41
13/05/2021,21515.26
14/05/2021,21880.5
17/05/2021,21832.78
18/05/2021,21684.49
19/05/2021,21204.73
20/05/2021,21236.33
21/05/2021,20571.66
24/05/2021,20349.49
25/05/2021,20237.84
26/05/2021,20183.17
27/05/2021,19943.18
28/05/2021,21015.96
31/05/2021,21041.71
01/06/2021,20973.85
02/06/2021,21118.65
03/06/2021,21382.67
04/06/2021,22218.67
07/06/2021,20497.95
08/06/2021,20385.72
09/06/2021,19667.39
10/06/2021,19987.17
11/06/2021,19809.75
14/06/2021,19608.94
15/06/2021,19202.39
16/06/2021,18964.58
17/06/2021,18695.58
18/06/2021,18576.17
21/06/2021,18627.74
22/06/2021,18724.92
23/06/2021,18779.57
24/06/2021,18858.68
25/06/2021,18969.96
30/06/2021,18850.91
01/07/2021,18675.54
02/07/2021,18788.33
05/07/2021,18961.8
06/07/2021,18790.07
07/07/2021,18803.16
08/07/2021,18637.8
09/07/2021,18822.75
12/07/2021,18701.91
13/07/2021,18685.27
14/07/2021,18548.57
15/07/2021,18604.34
16/07/2021,18307.36
19/07/2021,18170.76
20/07/2021,18426.37
21/07/2021,18743
22/07/2021,18759.91
23/07/2021,18544.02
26/07/2021,18749.48
27/07/2021,18775.12
30/07/2021,17671.77
02/08/2021,17845.6
03/08/2021,17624.68
04/08/2021,17447.67
05/08/2021,17331.24
06/08/2021,17331.33
09/08/2021,17205.88
10/08/2021,17062.77
11/08/2021,17003.45
12/08/2021,16829.31
13/08/2021,16771.26
16/08/2021,16736.08
17/08/2021,16367.96
18/08/2021,15916.2
19/08/2021,15529.47
20/08/2021,15532.06
23/08/2021,16211.15
24/08/2021,17033.99
25/08/2021,16991.55
26/08/2021,16893.7
27/08/2021,17444.24
31/08/2021,17653.54
01/09/2021,17572.35
02/09/2021,17508.38
03/09/2021,17678.74
06/09/2021,17712.5
07/09/2021,17598.36
08/09/2021,17410.17
09/09/2021,17550.8
10/09/2021,17715.49
13/09/2021,18063.66
14/09/2021,17895.88
15/09/2021,18008.78
16/09/2021,17885.14
17/09/2021,17979.65
20/09/2021,17747.01
21/09/2021,17869.14
22/09/2021,18099.12
23/09/2021,18208.28
24/09/2021,18308.87
27/09/2021,18653.27
28/09/2021,18515.34
29/09/2021,18458.64
30/09/2021,18279.15
01/10/2021,18348.74
04/10/2021,18192.05
05/10/2021,18342.68
06/10/2021,18356.07
07/10/2021,19375.73
11/10/2021,19585.61
12/10/2021,19731.84
13/10/2021,19694.91
14/10/2021,19745.25
15/10/2021,20489.48
18/10/2021,20559.39
19/10/2021,20679.94
20/10/2021,20807.55
21/10/2021,20859.24
22/10/2021,20960.31
25/10/2021,21243.06
26/10/2021,21005.81
27/10/2021,20885.85
28/10/2021,20959.49
29/10/2021,20737.77
02/11/2021,20715.61
03/11/2021,20528.76
04/11/2021,20254.71
05/11/2021,20420.1
08/11/2021,20530.94
09/11/2021,20488.76
10/11/2021,20403.54
11/11/2021,20665.69
12/11/2021,20795.19
15/11/2021,20687.91
16/11/2021,20486.04
17/11/2021,20092.85
18/11/2021,20174.33
19/11/2021,20125.28
22/11/2021,19831.97
23/11/2021,19987.2
24/11/2021,20209.25
25/11/2021,20251.73
26/11/2021,19864.23
29/11/2021,20249.28
30/11/2021,20416.43
01/12/2021,19884.09
02/12/2021,20163.64
03/12/2021,20000.39
06/12/2021,20353.53
07/12/2021,20520.76
09/12/2021,20548.98
10/12/2021,20272.47
13/12/2021,20294.55
14/12/2021,20117.4
15/12/2021,19890.55
16/12/2021,20310.89
17/12/2021,20342.64
20/12/2021,20160.6
21/12/2021,20642.65
22/12/2021,20531.39
23/12/2021,20765.04
24/12/2021,20753.12
27/12/2021,21023.14
28/12/2021,20889.13
29/12/2021,20857.3
30/12/2021,21157.31
31/12/2021,21111.73
03/01/2022,21163.87
04/01/2022,21560.09
05/01/2022,21830.77
06/01/2022,22172.87
07/01/2022,22355.39
10/01/2022,22352.65
11/01/2022,22786.6
12/01/2022,23528.92
13/01/2022,23653.52
14/01/2022,23486.6
17/01/2022,23418.02
18/01/2022,23316.33
19/01/2022,23475.13
20/01/2022,23327
21/01/2022,22944.88
24/01/2022,22783.12
25/01/2022,22807.64
26/01/2022,22547.75
27/01/2022,22548.83
28/01/2022,22649.82
